injection_id,split,station_id,station_name,start_utc,end_utc,start_index,t_passage_hours,t_retention_hours,duration_hours,shape_family,rise_param,magnitude_band,peak_cpm,nuclide_scenario,fraction_cs137,fraction_i131,fraction_co60,fraction_cs134,k_dose,is_hard_case_rain,washout_overlap_hours,rise_washout_overlap_hours,hours_since_last_detected_drop,truncated_by_filter_change,share_r02,share_r03,share_r04,share_r05,share_r06,share_r07,share_r08,share_r09,environment
INJ_0001,train,al_birmingham,"Birmingham, AL",2019-09-11 21:00:00,2019-09-13 14:00:00,23613,12,30,42,step,0.0,Band_A_Low,312.6,mixed_fission_activation,0.35,0.25,0.2,0.2,0.01448,True,1,1,171,True,0.221437,0.229467,0.030589,0.242815,0.145199,0.114933,0.014363,0.001198,train_rain_coincident
INJ_0002,train,al_birmingham,"Birmingham, AL",2017-03-01 23:00:00,2017-03-03 17:00:00,1439,12,31,43,linear_ramp,1.92,Band_C_High,2336.3,mixed_fission_activation,0.35,0.25,0.2,0.2,0.01497,True,1,1,151,True,0.120174,0.235532,0.152966,0.274117,0.113002,0.091786,0.011524,0.000897,train_rain_coincident
INJ_0003,train,al_birmingham,"Birmingham, AL",2022-11-27 06:00:00,2022-11-28 15:00:00,51750,10,24,34,step,0.0,Band_A_Low,543.6,fission_pure_cs137,1.0,0.0,0.0,0.0,0.01525,True,2,2,15,True,0.054499,0.303411,0.182622,0.424974,0.026271,0.005367,0.001742,0.001112,train_rain_coincident
INJ_0004,train,al_birmingham,"Birmingham, AL",2018-06-01 18:00:00,2018-06-05 15:00:00,12402,28,66,94,step,0.0,Band_A_Low,515.2,activation_orphan_co60,0.0,0.0,1.0,0.0,0.01309,True,2,2,171,True,0.091417,0.366048,0.02134,0.099724,0.207972,0.180333,0.032227,0.000939,train_rain_coincident
INJ_0005,train,al_birmingham,"Birmingham, AL",2018-03-20 21:00:00,2018-03-23 16:00:00,10653,20,48,68,step,0.0,Band_C_High,2353.8,fission_pure_i131,0.0,1.0,0.0,0.0,0.01271,True,1,1,40,True,0.150014,0.75304,0.029479,0.044312,0.013319,0.004492,0.004568,0.000775,train_rain_coincident
INJ_0006,train,al_birmingham,"Birmingham, AL",2019-12-17 10:00:00,2019-12-19 17:00:00,25930,16,40,56,linear_ramp,1.34,Band_A_Low,423.0,fission_reactor_fukushima,0.4,0.3,0.0,0.3,0.01528,True,2,2,279,True,0.129882,0.433332,0.102045,0.262066,0.035114,0.031122,0.005341,0.001098,train_rain_coincident
INJ_0007,train,al_birmingham,"Birmingham, AL",2021-01-11 13:00:00,2021-01-14 17:00:00,35317,23,54,77,linear_ramp,1.76,Band_C_High,1915.5,fission_pure_cs137,1.0,0.0,0.0,0.0,0.01334,True,3,3,90,True,0.138046,0.191404,0.135261,0.520328,0.006067,0.004615,0.003355,0.000925,train_rain_coincident
INJ_0008,train,al_birmingham,"Birmingham, AL",2017-04-23 12:00:00,2017-04-25 15:00:00,2700,15,37,52,linear_ramp,2.78,Band_A_Low,387.5,fission_pure_cs137,1.0,0.0,0.0,0.0,0.01449,True,2,2,67,True,0.286362,0.08703,0.186342,0.413585,0.017074,0.006869,0.001849,0.00089,train_rain_coincident
INJ_0009,train,al_birmingham,"Birmingham, AL",2021-08-19 17:00:00,2021-08-22 23:00:00,40601,23,56,79,linear_ramp,2.56,Band_C_High,2298.0,activation_orphan_co60,0.0,0.0,1.0,0.0,0.01544,True,6,5,3,True,0.070702,0.156022,0.238578,0.146569,0.082749,0.280055,0.024366,0.000959,train_rain_coincident
INJ_0010,train,al_birmingham,"Birmingham, AL",2017-02-15 09:00:00,2017-02-17 17:00:00,1089,17,40,57,linear_ramp,3.92,Band_A_Low,317.3,fission_pure_i131,0.0,1.0,0.0,0.0,0.0158,True,2,2,377,True,0.338448,0.47754,0.046632,0.122177,0.004217,0.00581,0.004073,0.001102,train_rain_coincident
INJ_0011,train,al_birmingham,"Birmingham, AL",2018-05-17 21:00:00,2018-05-20 16:00:00,12045,20,48,68,step,0.0,Band_C_High,2222.2,fission_reactor_fukushima,0.4,0.3,0.0,0.3,0.0127,True,1,1,39,True,0.18198,0.290061,0.041846,0.389968,0.061043,0.026841,0.007309,0.000952,train_rain_coincident
INJ_0012,train,al_birmingham,"Birmingham, AL",2019-03-25 23:00:00,2019-03-29 15:00:00,19535,26,63,89,step,0.0,Band_A_Low,368.1,mixed_fission_activation,0.35,0.25,0.2,0.2,0.01263,True,1,1,56,True,0.08187,0.23793,0.047623,0.289964,0.164177,0.163991,0.013329,0.001115,train_rain_coincident
INJ_0013,train,al_birmingham,"Birmingham, AL",2019-10-07 16:00:00,2019-10-09 15:00:00,24232,14,34,48,linear_ramp,3.12,Band_C_High,1717.5,activation_orphan_co60,0.0,0.0,1.0,0.0,0.01351,True,1,1,69,True,0.13421,0.050548,0.152127,0.055085,0.305606,0.287189,0.01426,0.000976,train_rain_coincident
INJ_0014,train,al_birmingham,"Birmingham, AL",2019-04-19 06:00:00,2019-04-22 16:00:00,20118,24,59,83,step,0.0,Band_C_High,1908.9,fission_pure_i131,0.0,1.0,0.0,0.0,0.01339,True,3,1,303,True,0.229768,0.603543,0.073025,0.06697,0.010898,0.009691,0.005158,0.000947,train_rain_coincident
INJ_0015,train,al_birmingham,"Birmingham, AL",2017-03-07 21:00:00,2017-03-09 15:00:00,1581,12,31,43,linear_ramp,3.37,Band_C_High,2227.6,fission_reactor_fukushima,0.4,0.3,0.0,0.3,0.01297,True,4,4,100,True,0.19685,0.164099,0.102034,0.413171,0.068579,0.050897,0.003406,0.000965,train_rain_coincident
INJ_0016,train,al_birmingham,"Birmingham, AL",2019-11-17 00:00:00,2019-11-17 16:00:00,25200,5,12,17,linear_ramp,1.13,Band_A_Low,568.6,fission_reactor_fukushima,0.4,0.3,0.0,0.3,0.01485,False,0,0,176,True,0.128105,0.286597,0.082385,0.395022,0.066174,0.035902,0.004792,0.001024,train_strictly_dry
INJ_0017,train,al_birmingham,"Birmingham, AL",2017-04-17 19:00:00,2017-04-18 15:00:00,2563,7,14,21,step,0.0,Band_A_Low,561.1,fission_pure_cs137,1.0,0.0,0.0,0.0,0.01556,False,0,0,5,True,0.076215,0.129817,0.248824,0.493999,0.028633,0.015144,0.00636,0.001008,train_strictly_dry
INJ_0018,train,al_birmingham,"Birmingham, AL",2020-10-03 07:00:00,2020-10-03 16:00:00,32911,4,6,10,step,0.0,Band_C_High,1711.7,fission_reactor_fukushima,0.4,0.3,0.0,0.3,0.01568,False,0,0,63,True,0.157634,0.256336,0.166056,0.294744,0.077805,0.040245,0.006267,0.000913,train_strictly_dry
INJ_0019,train,al_birmingham,"Birmingham, AL",2022-10-09 16:00:00,2022-10-10 16:00:00,50584,8,17,25,step,0.0,Band_C_High,2204.4,fission_pure_cs137,1.0,0.0,0.0,0.0,0.01027,False,0,0,96,True,0.072534,0.172955,0.165606,0.560282,0.013923,0.00813,0.005771,0.000799,train_strictly_dry
INJ_0020,train,al_birmingham,"Birmingham, AL",2017-11-24 00:00:00,2017-11-24 16:00:00,7848,5,12,17,step,0.0,Band_A_Low,594.5,activation_orphan_co60,0.0,0.0,1.0,0.0,0.01233,False,0,0,29,True,0.148623,0.168085,0.109994,0.15246,0.06712,0.317269,0.035436,0.001013,train_strictly_dry
INJ_0021,train,al_birmingham,"Birmingham, AL",2019-09-03 14:00:00,2019-09-04 18:00:00,23414,10,19,29,step,0.0,Band_C_High,1773.4,mixed_fission_activation,0.35,0.25,0.2,0.2,0.01491,False,0,0,22,True,0.229058,0.173061,0.080908,0.364231,0.050674,0.085858,0.015286,0.000925,train_strictly_dry
INJ_0022,train,al_birmingham,"Birmingham, AL",2020-10-16 21:00:00,2020-10-17 15:00:00,33237,6,13,19,step,0.0,Band_C_High,1863.9,fission_reactor_fukushima,0.4,0.3,0.0,0.3,0.01345,False,0,0,29,True,0.053653,0.414744,0.120088,0.310601,0.065793,0.025773,0.008391,0.000958,train_strictly_dry
INJ_0023,train,al_birmingham,"Birmingham, AL",2017-04-10 15:00:00,2017-04-11 15:00:00,2391,8,17,25,step,0.0,Band_C_High,1584.4,fission_pure_cs137,1.0,0.0,0.0,0.0,0.01311,False,0,0,46,True,0.067141,0.15669,0.313179,0.440811,0.005997,0.008915,0.006201,0.001067,train_strictly_dry
INJ_0024,train,al_birmingham,"Birmingham, AL",2017-06-09 14:00:00,2017-06-10 15:00:00,3830,9,17,26,step,0.0,Band_C_High,2365.7,fission_pure_cs137,1.0,0.0,0.0,0.0,0.01589,False,0,0,191,True,0.2034,0.197922,0.038444,0.535824,0.010082,0.010143,0.003255,0.000931,train_strictly_dry
INJ_0025,train,al_birmingham,"Birmingham, AL",2017-07-12 22:00:00,2017-07-13 16:00:00,4630,6,13,19,linear_ramp,3.69,Band_A_Low,564.3,fission_pure_i131,0.0,1.0,0.0,0.0,0.01163,False,0,0,54,True,0.222226,0.616929,0.064005,0.068225,0.009896,0.014088,0.00343,0.001202,train_strictly_dry
INJ_0026,train,al_birmingham,"Birmingham, AL",2021-07-09 17:00:00,2021-07-10 04:00:00,39617,4,8,12,linear_ramp,3.85,Band_A_Low,473.3,fission_pure_i131,0.0,1.0,0.0,0.0,0.01487,False,0,0,530,True,0.21557,0.644774,0.034673,0.072327,0.017304,0.007357,0.00702,0.000974,train_strictly_dry
INJ_0027,train,al_birmingham,"Birmingham, AL",2022-11-07 05:00:00,2022-11-07 17:00:00,51269,4,9,13,linear_ramp,2.49,Band_C_High,1702.0,mixed_fission_activation,0.35,0.25,0.2,0.2,0.0143,False,0,0,134,True,0.134292,0.175954,0.015805,0.407944,0.161581,0.087499,0.015713,0.001211,train_strictly_dry
INJ_0028,train,al_birmingham,"Birmingham, AL",2022-01-28 03:00:00,2022-01-28 16:00:00,44475,4,10,14,linear_ramp,3.07,Band_A_Low,309.7,mixed_fission_activation,0.35,0.25,0.2,0.2,0.01225,False,0,0,284,True,0.051591,0.154914,0.101604,0.272081,0.224576,0.17866,0.015476,0.001097,train_strictly_dry
INJ_0029,train,al_birmingham,"Birmingham, AL",2020-01-29 08:00:00,2020-01-30 16:00:00,26960,11,22,33,step,0.0,Band_C_High,2193.6,fission_pure_i131,0.0,1.0,0.0,0.0,0.01539,False,0,0,16,True,0.20165,0.643196,0.041874,0.089513,0.010969,0.00651,0.005284,0.001005,train_strictly_dry
INJ_0030,train,al_birmingham,"Birmingham, AL",2019-09-16 01:00:00,2019-09-16 15:00:00,23713,5,10,15,linear_ramp,1.7,Band_C_High,1736.9,activation_orphan_co60,0.0,0.0,1.0,0.0,0.01708,False,0,0,59,True,0.027671,0.157709,0.217829,0.290482,0.05407,0.21623,0.034935,0.001072,train_strictly_dry
INJ_0031,train,al_birmingham,"Birmingham, AL",2017-12-04 20:00:00,2017-12-05 15:00:00,8108,7,13,20,step,0.0,Band_A_Low,347.8,mixed_fission_activation,0.35,0.25,0.2,0.2,0.01586,False,0,0,53,True,0.197218,0.268656,0.066756,0.283658,0.080404,0.088233,0.014011,0.001064,train_strictly_dry
INJ_0032,train,al_birmingham,"Birmingham, AL",2018-12-05 18:00:00,2018-12-06 15:00:00,16890,7,15,22,step,0.0,Band_A_Low,593.0,activation_orphan_co60,0.0,0.0,1.0,0.0,0.0164,False,0,0,336,True,0.015873,0.326233,0.197834,0.039434,0.08196,0.309132,0.028561,0.000974,train_strictly_dry
INJ_0033,train,al_birmingham,"Birmingham, AL",2019-03-19 10:00:00,2019-03-20 15:00:00,19378,10,20,30,step,0.0,Band_A_Low,354.1,fission_pure_cs137,1.0,0.0,0.0,0.0,0.01466,False,0,0,18,True,0.091939,0.177953,0.202195,0.486133,0.019351,0.012974,0.008365,0.001091,train_strictly_dry
INJ_0034,train,al_birmingham,"Birmingham, AL",2017-01-14 08:00:00,2017-01-14 17:00:00,320,4,6,10,step,0.0,Band_C_High,2258.4,fission_reactor_fukushima,0.4,0.3,0.0,0.3,0.01457,False,0,0,134,True,0.102056,0.264695,0.277995,0.280188,0.028746,0.037811,0.007493,0.001015,train_strictly_dry
INJ_0035,train,al_birmingham,"Birmingham, AL",2022-07-13 03:00:00,2022-07-13 16:00:00,48459,4,10,14,linear_ramp,2.26,Band_C_High,1945.8,fission_reactor_fukushima,0.4,0.3,0.0,0.3,0.01613,False,0,0,106,True,0.089189,0.37276,0.103472,0.332068,0.052267,0.039967,0.009111,0.001164,train_strictly_dry
INJ_0036,train,al_birmingham,"Birmingham, AL",2021-08-07 01:00:00,2021-08-07 15:00:00,40297,5,10,15,linear_ramp,3.92,Band_C_High,2464.1,fission_pure_cs137,1.0,0.0,0.0,0.0,0.01266,False,0,0,28,True,0.260355,0.134243,0.171972,0.408701,0.010629,0.004566,0.0084,0.001134,train_strictly_dry
INJ_0037,train,al_birmingham,"Birmingham, AL",2018-01-20 23:00:00,2018-01-21 16:00:00,9239,6,12,18,step,0.0,Band_C_High,1971.3,activation_orphan_co60,0.0,0.0,1.0,0.0,0.01561,False,0,0,53,True,0.195786,0.141254,0.172908,0.083611,0.029078,0.35954,0.016875,0.000948,train_strictly_dry
INJ_0038,train,al_birmingham,"Birmingham, AL",2022-12-08 00:00:00,2022-12-08 13:00:00,52008,4,10,14,step,0.0,Band_C_High,1567.3,activation_orphan_co60,0.0,0.0,1.0,0.0,0.01355,False,0,0,225,True,0.108343,0.091279,0.233441,0.215495,0.014368,0.309718,0.026457,0.000899,train_strictly_dry
INJ_0039,train,al_birmingham,"Birmingham, AL",2021-08-01 23:00:00,2021-08-02 15:00:00,40175,5,12,17,linear_ramp,1.84,Band_A_Low,369.1,fission_pure_i131,0.0,1.0,0.0,0.0,0.01313,False,0,0,78,True,0.282332,0.531557,0.075162,0.076715,0.024365,0.005821,0.003081,0.000967,train_strictly_dry
INJ_0040,train,al_birmingham,"Birmingham, AL",2022-01-15 21:00:00,2022-01-16 07:00:00,44181,4,7,11,step,0.0,Band_C_High,2174.1,activation_orphan_co60,0.0,0.0,1.0,0.0,0.01439,False,0,0,322,True,0.048889,0.02785,0.270124,0.196089,0.199919,0.229663,0.026435,0.001031,train_strictly_dry
INJ_0041,train,al_birmingham,"Birmingham, AL",2022-07-16 00:00:00,2022-07-16 15:00:00,48528,5,11,16,step,0.0,Band_A_Low,429.3,fission_reactor_fukushima,0.4,0.3,0.0,0.3,0.01411,False,0,0,56,True,0.1016,0.351962,0.06207,0.37808,0.050907,0.050207,0.004099,0.001075,train_strictly_dry
INJ_0042,train,al_birmingham,"Birmingham, AL",2018-09-17 06:00:00,2018-09-17 16:00:00,14982,4,7,11,linear_ramp,2.52,Band_A_Low,260.4,fission_pure_cs137,1.0,0.0,0.0,0.0,0.01487,False,0,0,38,True,0.060373,0.298901,0.086544,0.518329,0.023442,0.005317,0.005964,0.001129,train_strictly_dry
INJ_0043,train,al_birmingham,"Birmingham, AL",2022-10-23 05:00:00,2022-10-23 17:00:00,50909,4,9,13,step,0.0,Band_A_Low,492.4,mixed_fission_activation,0.35,0.25,0.2,0.2,0.01608,False,0,0,61,True,0.257096,0.20178,0.015345,0.32831,0.058744,0.110559,0.026829,0.001336,train_strictly_dry
INJ_0044,train,al_birmingham,"Birmingham, AL",2019-08-14 07:00:00,2019-08-15 15:00:00,22927,11,22,33,step,0.0,Band_A_Low,323.1,fission_reactor_fukushima,0.4,0.3,0.0,0.3,0.01325,False,0,0,40,True,0.091633,0.458016,0.092246,0.271541,0.057682,0.023424,0.004457,0.001001,train_strictly_dry
INJ_0045,train,al_birmingham,"Birmingham, AL",2021-04-21 16:00:00,2021-04-22 16:00:00,37720,8,17,25,step,0.0,Band_C_High,1758.4,fission_pure_i131,0.0,1.0,0.0,0.0,0.01402,False,0,0,24,True,0.297051,0.577427,0.057762,0.039051,0.016028,0.006657,0.005168,0.000856,train_strictly_dry
INJ_0046,train,al_birmingham,"Birmingham, AL",2018-07-22 16:00:00,2018-07-23 18:00:00,13624,9,18,27,step,0.0,Band_C_High,1403.5,fission_pure_i131,0.0,1.0,0.0,0.0,0.01551,False,0,0,1129,True,0.240402,0.586132,0.050461,0.092867,0.018578,0.006963,0.003698,0.000898,train_strictly_dry
INJ_0047,train,al_birmingham,"Birmingham, AL",2017-10-19 04:00:00,2017-10-19 14:00:00,6988,4,7,11,linear_ramp,3.54,Band_C_High,1514.8,activation_orphan_co60,0.0,0.0,1.0,0.0,0.01441,False,0,0,325,True,0.275303,0.02327,0.117077,0.242681,0.041821,0.283827,0.01498,0.001041,train_strictly_dry
INJ_0048,train,al_birmingham,"Birmingham, AL",2018-04-06 00:00:00,2018-04-06 14:00:00,11040,5,10,15,linear_ramp,2.5,Band_A_Low,425.1,fission_pure_i131,0.0,1.0,0.0,0.0,0.015,False,0,0,320,True,0.19686,0.637479,0.051309,0.091105,0.013327,0.005671,0.003357,0.000893,train_strictly_dry
INJ_0049,train,al_birmingham,"Birmingham, AL",2022-11-01 04:00:00,2022-11-01 15:00:00,51124,4,8,12,step,0.0,Band_A_Low,371.8,mixed_fission_activation,0.35,0.25,0.2,0.2,0.01307,False,0,0,108,True,0.032954,0.222576,0.108881,0.324977,0.181313,0.117092,0.011154,0.001053,train_strictly_dry
INJ_0050,train,al_birmingham,"Birmingham, AL",2022-05-18 05:00:00,2022-05-18 15:00:00,47117,4,7,11,step,0.0,Band_C_High,2159.1,mixed_fission_activation,0.35,0.25,0.2,0.2,0.01395,False,0,0,34,True,0.219537,0.195166,0.147528,0.298095,0.029672,0.092052,0.016868,0.001081,train_strictly_dry
INJ_0051,test,al_birmingham,"Birmingham, AL",2024-03-05 11:00:00,2024-03-07 15:00:00,62891,15,38,53,exponential,2.45,Band_B_Mid,726.0,activation_orphan_co60,0.0,0.0,1.0,0.0,0.01462,True,1,1,35,True,0.265144,0.197525,0.038153,0.144877,0.040442,0.292185,0.020668,0.001007,test_standard_rain
INJ_0052,test,al_birmingham,"Birmingham, AL",2024-05-10 02:00:00,2024-05-12 16:00:00,64466,18,45,63,exponential,1.95,Band_B_Mid,1000.8,fission_reactor_fukushima,0.4,0.3,0.0,0.3,0.01372,True,3,3,107,True,0.17639,0.361285,0.079243,0.236945,0.090059,0.046463,0.008584,0.001031,test_standard_rain
INJ_0053,test,al_birmingham,"Birmingham, AL",2024-05-18 21:00:00,2024-05-20 12:00:00,64677,12,28,40,exponential,2.1,Band_B_Mid,953.3,mixed_fission_activation,0.35,0.25,0.2,0.2,0.01247,True,1,1,55,True,0.011606,0.152745,0.208573,0.308996,0.197223,0.105375,0.014434,0.001048,test_standard_rain
INJ_0054,test,al_birmingham,"Birmingham, AL",2024-12-29 09:00:00,2025-01-02 18:00:00,70065,24,82,106,sigmoidal,1.65,Band_B_Mid,1012.4,fission_pure_cs137,1.0,0.0,0.0,0.0,0.01211,True,1,1,243,True,0.091912,0.120341,0.31261,0.435947,0.024835,0.009252,0.003992,0.00111,test_standard_rain
INJ_0055,test,al_birmingham,"Birmingham, AL",2023-02-24 20:00:00,2023-03-01 10:00:00,53900,24,87,111,exponential,2.1,Band_B_Mid,1020.9,fission_pure_cs137,1.0,0.0,0.0,0.0,0.01417,True,1,1,435,True,0.190093,0.125632,0.15916,0.50128,0.00588,0.010776,0.006154,0.001025,test_standard_rain
INJ_0056,test,al_birmingham,"Birmingham, AL",2023-05-23 12:00:00,2023-05-25 16:00:00,56004,15,38,53,sigmoidal,0.89,Band_B_Mid,734.2,fission_reactor_fukushima,0.4,0.3,0.0,0.3,0.01392,True,8,7,20,True,0.127237,0.39429,0.104467,0.266135,0.062466,0.037508,0.006901,0.000997,test_standard_rain
INJ_0057,test,al_birmingham,"Birmingham, AL",2025-07-09 23:00:00,2025-07-15 15:00:00,74687,24,113,137,exponential,1.28,Band_B_Mid,1062.9,fission_pure_i131,0.0,1.0,0.0,0.0,0.01634,True,3,2,80,True,0.287011,0.530158,0.043033,0.10258,0.022826,0.010817,0.002587,0.000988,test_standard_rain
INJ_0058,test,al_birmingham,"Birmingham, AL",2024-05-03 22:00:00,2024-05-05 15:00:00,64318,12,30,42,exponential,1.98,Band_B_Mid,1057.0,fission_pure_i131,0.0,1.0,0.0,0.0,0.01349,True,1,1,55,True,0.336168,0.464608,0.040352,0.127591,0.017649,0.003382,0.009214,0.001036,test_standard_rain
INJ_0059,test,al_birmingham,"Birmingham, AL",2023-07-28 18:00:00,2023-07-30 15:00:00,57594,13,33,46,sigmoidal,1.08,Band_B_Mid,1111.5,activation_orphan_co60,0.0,0.0,1.0,0.0,0.01,True,1,1,122,True,0.247526,0.063355,0.067493,0.324703,0.047886,0.221498,0.026711,0.000828,test_standard_rain
INJ_0060,test,al_birmingham,"Birmingham, AL",2024-04-09 11:00:00,2024-04-14 15:00:00,63731,24,101,125,sigmoidal,1.08,Band_B_Mid,1163.6,mixed_fission_activation,0.35,0.25,0.2,0.2,0.01495,True,5,1,258,True,0.107565,0.260401,0.105919,0.230445,0.169766,0.109622,0.015293,0.00099,test_standard_rain
INJ_0061,test,al_birmingham,"Birmingham, AL",2023-11-21 07:00:00,2023-11-23 16:00:00,60367,8,50,58,exponential,1.59,Band_A_Low (Stress Test),317.9,mixed_fission_activation,0.35,0.25,0.2,0.2,0.01674,True,5,4,39,True,0.099258,0.201945,0.069514,0.163475,0.33619,0.112805,0.015638,0.001174,test_stress_rain
INJ_0062,test,al_birmingham,"Birmingham, AL",2023-01-08 11:00:00,2023-01-14 00:00:00,52763,8,126,134,exponential,1.79,Band_A_Low (Stress Test),586.0,fission_pure_cs137,1.0,0.0,0.0,0.0,0.01404,True,8,5,18,True,0.208805,0.036874,0.228109,0.497344,0.011971,0.009523,0.006472,0.000901,test_stress_rain
INJ_0063,test,al_birmingham,"Birmingham, AL",2025-05-29 15:00:00,2025-06-02 16:00:00,73695,8,90,98,sigmoidal,1.22,Band_A_Low (Stress Test),427.7,fission_pure_i131,0.0,1.0,0.0,0.0,0.01341,True,2,2,575,True,0.22117,0.579763,0.079537,0.085271,0.015434,0.012523,0.005376,0.000927,test_stress_rain
INJ_0064,test,al_birmingham,"Birmingham, AL",2025-01-27 01:00:00,2025-01-28 18:00:00,70753,8,34,42,sigmoidal,1.28,Band_A_Low (Stress Test),428.7,fission_reactor_fukushima,0.4,0.3,0.0,0.3,0.01211,True,3,2,80,True,0.064926,0.310803,0.148678,0.355904,0.076552,0.039877,0.002195,0.001067,test_stress_rain
INJ_0065,test,al_birmingham,"Birmingham, AL",2025-06-18 20:00:00,2025-06-24 15:00:00,74180,8,132,140,exponential,0.81,Band_A_Low (Stress Test),372.5,fission_pure_i131,0.0,1.0,0.0,0.0,0.01611,True,6,2,293,True,0.275747,0.524444,0.08266,0.085298,0.012892,0.011625,0.006204,0.001131,test_stress_rain
INJ_0066,test,al_birmingham,"Birmingham, AL",2024-01-09 04:00:00,2024-01-14 11:00:00,61540,8,120,128,sigmoidal,1.11,Band_A_Low (Stress Test),548.4,activation_orphan_co60,0.0,0.0,1.0,0.0,0.01565,True,12,7,204,True,0.075334,0.097733,0.182281,0.352888,0.03605,0.237472,0.017325,0.000917,test_stress_rain
INJ_0067,test,al_birmingham,"Birmingham, AL",2023-01-25 07:00:00,2023-01-28 17:00:00,53167,8,75,83,sigmoidal,0.81,Band_A_Low (Stress Test),479.1,fission_pure_cs137,1.0,0.0,0.0,0.0,0.01446,True,5,5,271,True,0.07322,0.283099,0.079556,0.530287,0.016453,0.009448,0.006992,0.000945,test_stress_rain
INJ_0068,test,al_birmingham,"Birmingham, AL",2025-08-15 21:00:00,2025-08-17 15:00:00,75573,8,35,43,sigmoidal,1.29,Band_A_Low (Stress Test),530.5,activation_orphan_co60,0.0,0.0,1.0,0.0,0.01325,True,2,2,6,True,0.125072,0.112249,0.293347,0.035587,0.13379,0.280793,0.018337,0.000825,test_stress_rain
INJ_0069,test,al_birmingham,"Birmingham, AL",2025-03-20 06:00:00,2025-03-21 16:00:00,72006,8,27,35,sigmoidal,1.34,Band_A_Low (Stress Test),449.3,fission_reactor_fukushima,0.4,0.3,0.0,0.3,0.01529,True,1,1,38,True,0.059024,0.314735,0.10975,0.395019,0.06321,0.051339,0.005935,0.000989,test_stress_rain
INJ_0070,test,al_birmingham,"Birmingham, AL",2023-09-17 00:00:00,2023-09-18 15:00:00,58800,8,32,40,exponential,1.51,Band_A_Low (Stress Test),394.8,mixed_fission_activation,0.35,0.25,0.2,0.2,0.01539,True,2,2,31,True,0.107862,0.248368,0.116702,0.31037,0.024419,0.171433,0.01947,0.001376,test_stress_rain
INJ_0071,test,al_birmingham,"Birmingham, AL",2023-05-07 04:00:00,2023-05-08 15:00:00,55612,10,26,36,sigmoidal,1.53,Band_B_Mid,956.5,activation_orphan_co60,0.0,0.0,1.0,0.0,0.01605,False,0,0,61,True,0.122743,0.323313,0.135115,0.050435,0.076772,0.266075,0.024449,0.001097,test_standard_strictly_dry
INJ_0072,test,al_birmingham,"Birmingham, AL",2025-06-05 01:00:00,2025-06-06 15:00:00,73849,11,28,39,exponential,1.65,Band_B_Mid,953.2,fission_pure_i131,0.0,1.0,0.0,0.0,0.01648,False,0,0,57,True,0.27425,0.552345,0.047452,0.108497,0.007431,0.005392,0.003687,0.000947,test_standard_strictly_dry
INJ_0073,test,al_birmingham,"Birmingham, AL",2024-02-19 10:00:00,2024-02-19 17:00:00,62530,3,5,8,sigmoidal,0.69,Band_A_Low (Stress Test),287.0,fission_pure_cs137,1.0,0.0,0.0,0.0,0.01361,False,0,0,89,True,0.153762,0.147098,0.133768,0.534858,0.016605,0.007061,0.005904,0.000945,test_stress_strictly_dry
INJ_0074,test,al_birmingham,"Birmingham, AL",2025-04-27 01:00:00,2025-04-27 16:00:00,72913,5,11,16,exponential,1.03,Band_A_Low (Stress Test),291.5,fission_reactor_fukushima,0.4,0.3,0.0,0.3,0.01371,False,0,0,873,True,0.077081,0.31846,0.052351,0.428788,0.081283,0.037079,0.003887,0.00107,test_stress_strictly_dry
INJ_0075,test,al_birmingham,"Birmingham, AL",2023-06-13 07:00:00,2023-06-13 14:00:00,56503,3,5,8,sigmoidal,0.73,Band_A_Low (Stress Test),264.1,mixed_fission_activation,0.35,0.25,0.2,0.2,0.01297,False,0,0,113,True,0.058116,0.261539,0.235471,0.214693,0.125703,0.091508,0.011861,0.001108,test_stress_strictly_dry
INJ_0076,test,al_birmingham,"Birmingham, AL",2025-03-06 23:00:00,2025-03-07 16:00:00,71687,6,12,18,sigmoidal,1.06,Band_A_Low (Stress Test),527.3,fission_pure_i131,0.0,1.0,0.0,0.0,0.01444,False,0,0,150,True,0.30986,0.501853,0.068657,0.09512,0.013922,0.007953,0.001675,0.000961,test_stress_strictly_dry
INJ_0077,test,al_birmingham,"Birmingham, AL",2025-05-05 02:00:00,2025-05-05 16:00:00,73106,5,10,15,sigmoidal,0.75,Band_A_Low (Stress Test),338.3,fission_pure_cs137,1.0,0.0,0.0,0.0,0.01396,False,0,0,178,True,0.123532,0.170573,0.139827,0.547772,0.0071,0.006617,0.003619,0.00096,test_stress_strictly_dry
INJ_0078,test,al_birmingham,"Birmingham, AL",2023-10-18 02:00:00,2023-10-18 16:00:00,59546,5,10,15,exponential,0.91,Band_A_Low (Stress Test),494.4,activation_orphan_co60,0.0,0.0,1.0,0.0,0.01336,False,0,0,226,True,0.267337,0.241157,0.007612,0.033389,0.049317,0.386772,0.01338,0.001036,test_stress_strictly_dry
INJ_0079,test,al_birmingham,"Birmingham, AL",2025-07-30 06:00:00,2025-07-30 15:00:00,75174,3,7,10,sigmoidal,0.94,Band_A_Low (Stress Test),542.4,fission_pure_i131,0.0,1.0,0.0,0.0,0.01454,False,0,0,351,True,0.310226,0.520932,0.051061,0.08145,0.023953,0.004152,0.007219,0.001006,test_stress_strictly_dry
INJ_0080,test,al_birmingham,"Birmingham, AL",2023-09-26 13:00:00,2023-09-28 17:00:00,59029,15,38,53,exponential,2.02,Band_B_Mid,803.9,mixed_fission_activation,0.35,0.25,0.2,0.2,0.0132,False,0,0,92,True,0.191825,0.220001,0.056896,0.215964,0.205667,0.097299,0.011306,0.001042,test_standard_strictly_dry
INJ_0081,test,al_birmingham,"Birmingham, AL",2024-01-28 23:00:00,2024-01-30 18:00:00,62015,13,31,44,sigmoidal,1.01,Band_B_Mid,1005.1,fission_reactor_fukushima,0.4,0.3,0.0,0.3,0.01523,False,0,0,174,True,0.11509,0.36386,0.159284,0.239758,0.066323,0.048163,0.00648,0.001043,test_standard_strictly_dry
INJ_0082,test,al_birmingham,"Birmingham, AL",2023-11-01 01:00:00,2023-11-02 16:00:00,59881,12,28,40,sigmoidal,1.07,Band_B_Mid,1198.5,activation_orphan_co60,0.0,0.0,1.0,0.0,0.01429,False,0,0,38,True,0.278776,0.034059,0.110125,0.025741,0.188371,0.335432,0.026603,0.000893,test_standard_strictly_dry
INJ_0083,test,al_birmingham,"Birmingham, AL",2023-08-20 02:00:00,2023-08-21 15:00:00,58130,11,27,38,sigmoidal,0.92,Band_B_Mid,974.5,fission_reactor_fukushima,0.4,0.3,0.0,0.3,0.01349,False,0,0,59,True,0.115548,0.313484,0.095108,0.368595,0.057126,0.041141,0.00803,0.000968,test_standard_strictly_dry
INJ_0084,test,al_birmingham,"Birmingham, AL",2024-08-23 19:00:00,2024-08-25 16:00:00,67003,13,33,46,sigmoidal,1.22,Band_B_Mid,840.7,mixed_fission_activation,0.35,0.25,0.2,0.2,0.01503,False,0,0,99,True,0.209986,0.214666,0.058274,0.360578,0.039389,0.102939,0.01315,0.001017,test_standard_strictly_dry
INJ_0085,test,al_birmingham,"Birmingham, AL",2023-10-21 03:00:00,2023-10-21 16:00:00,59619,4,10,14,sigmoidal,0.86,Band_A_Low (Stress Test),597.8,fission_reactor_fukushima,0.4,0.3,0.0,0.3,0.01589,False,0,0,59,True,0.211372,0.302161,0.047369,0.277584,0.093375,0.064381,0.002683,0.001074,test_stress_strictly_dry
INJ_0086,test,al_birmingham,"Birmingham, AL",2024-11-27 09:00:00,2024-11-28 02:00:00,69297,6,12,18,sigmoidal,1.24,Band_A_Low (Stress Test),287.1,mixed_fission_activation,0.35,0.25,0.2,0.2,0.01354,False,0,0,64,True,0.105216,0.268997,0.131533,0.222273,0.172271,0.084769,0.013968,0.000973,test_stress_strictly_dry
INJ_0087,test,al_birmingham,"Birmingham, AL",2024-08-17 12:00:00,2024-08-19 16:00:00,66852,15,38,53,exponential,1.97,Band_B_Mid,967.7,fission_pure_i131,0.0,1.0,0.0,0.0,0.01476,False,0,0,93,True,0.303837,0.478445,0.087776,0.101111,0.008866,0.015326,0.003352,0.001288,test_standard_strictly_dry
INJ_0088,test,al_birmingham,"Birmingham, AL",2025-01-23 10:00:00,2025-01-23 17:00:00,70666,3,5,8,exponential,1.24,Band_A_Low (Stress Test),426.7,activation_orphan_co60,0.0,0.0,1.0,0.0,0.01292,False,0,0,92,True,0.055689,0.327369,0.075037,0.190305,0.064629,0.256677,0.029305,0.000989,test_stress_strictly_dry
INJ_0089,test,al_birmingham,"Birmingham, AL",2024-02-06 03:00:00,2024-02-07 14:00:00,62211,10,26,36,sigmoidal,1.01,Band_B_Mid,1082.7,fission_pure_cs137,1.0,0.0,0.0,0.0,0.01584,False,0,0,82,True,0.120658,0.311643,0.125716,0.42152,0.006286,0.006755,0.006433,0.000989,test_standard_strictly_dry
INJ_0090,test,al_birmingham,"Birmingham, AL",2024-11-30 06:00:00,2024-12-01 17:00:00,69366,10,26,36,exponential,1.55,Band_B_Mid,968.1,fission_pure_cs137,1.0,0.0,0.0,0.0,0.01073,False,0,0,52,True,0.053665,0.273375,0.072232,0.572304,0.0143,0.005137,0.008094,0.000893,test_standard_strictly_dry
INJ_0091,train,dc_washington,"Washington, DC",2019-11-19 04:00:00,2019-11-20 20:00:00,25252,12,29,41,step,0.0,Band_C_High,1600.3,fission_pure_i131,0.0,1.0,0.0,0.0,0.01451,True,2,2,83,True,0.210618,0.656771,0.053677,0.047948,0.017636,0.009766,0.002519,0.001064,train_rain_coincident
INJ_0092,train,dc_washington,"Washington, DC",2017-08-07 16:00:00,2017-08-10 15:00:00,5248,21,51,72,step,0.0,Band_C_High,2385.1,activation_orphan_co60,0.0,0.0,1.0,0.0,0.01717,True,4,4,49,True,0.370334,0.094741,0.046715,0.089271,0.037525,0.328472,0.031972,0.00097,train_rain_coincident
INJ_0093,train,dc_washington,"Washington, DC",2021-06-10 22:00:00,2021-06-13 23:00:00,38926,22,52,74,linear_ramp,2.63,Band_C_High,1498.5,mixed_fission_activation,0.35,0.25,0.2,0.2,0.01858,True,8,8,510,True,0.136262,0.302308,0.068051,0.205633,0.166803,0.105614,0.014063,0.001266,train_rain_coincident
INJ_0094,train,dc_washington,"Washington, DC",2017-08-03 23:00:00,2017-08-05 15:00:00,5159,12,29,41,step,0.0,Band_C_High,1702.1,fission_reactor_fukushima,0.4,0.3,0.0,0.3,0.01776,True,2,2,58,True,0.144264,0.425338,0.008289,0.288069,0.074897,0.051504,0.006493,0.001147,train_rain_coincident
INJ_0095,train,dc_washington,"Washington, DC",2020-07-24 12:00:00,2020-07-27 16:00:00,31212,23,54,77,step,0.0,Band_A_Low,553.2,fission_reactor_fukushima,0.4,0.3,0.0,0.3,0.01825,True,1,1,211,True,0.062682,0.50307,0.008138,0.358322,0.031942,0.03202,0.002844,0.000982,train_rain_coincident
INJ_0096,train,dc_washington,"Washington, DC",2017-06-24 09:00:00,2017-06-27 14:00:00,4185,23,55,78,step,0.0,Band_A_Low,526.2,fission_pure_cs137,1.0,0.0,0.0,0.0,0.01662,True,1,1,42,True,0.37224,0.049477,0.156671,0.389985,0.016412,0.006991,0.007369,0.000855,train_rain_coincident
INJ_0097,train,dc_washington,"Washington, DC",2022-08-15 05:00:00,2022-08-16 15:00:00,49253,10,25,35,linear_ramp,2.28,Band_C_High,2262.7,fission_reactor_fukushima,0.4,0.3,0.0,0.3,0.02103,True,1,1,278,True,0.061321,0.39679,0.078573,0.32139,0.077376,0.058776,0.004751,0.001023,train_rain_coincident
INJ_0098,train,dc_washington,"Washington, DC",2021-01-26 00:00:00,2021-01-27 17:00:00,35664,12,30,42,linear_ramp,2.89,Band_A_Low,516.0,fission_pure_cs137,1.0,0.0,0.0,0.0,0.01851,True,2,2,296,True,0.219543,0.191469,0.139684,0.426624,0.006512,0.010522,0.004571,0.001074,train_rain_coincident
INJ_0099,train,dc_washington,"Washington, DC",2017-08-15 17:00:00,2017-08-17 15:00:00,5441,14,33,47,step,0.0,Band_C_High,2143.8,fission_pure_i131,0.0,1.0,0.0,0.0,0.01482,True,1,1,122,True,0.201838,0.644088,0.047732,0.065036,0.023131,0.011663,0.005603,0.00091,train_rain_coincident
INJ_0100,train,dc_washington,"Washington, DC",2021-08-01 07:00:00,2021-08-03 17:00:00,40159,17,42,59,step,0.0,Band_C_High,2083.3,fission_pure_cs137,1.0,0.0,0.0,0.0,0.01497,True,3,3,89,True,0.365752,0.094837,0.022068,0.49962,0.006754,0.008128,0.001886,0.000954,train_rain_coincident
INJ_0101,train,dc_washington,"Washington, DC",2019-07-03 01:00:00,2019-07-04 17:00:00,21913,12,29,41,step,0.0,Band_C_High,2144.5,activation_orphan_co60,0.0,0.0,1.0,0.0,0.01725,True,1,1,118,True,0.189031,0.10847,0.257847,0.098157,0.098146,0.232132,0.015345,0.000873,train_rain_coincident
INJ_0102,train,dc_washington,"Washington, DC",2022-11-27 19:00:00,2022-11-29 14:00:00,51763,13,31,44,step,0.0,Band_C_High,1407.5,mixed_fission_activation,0.35,0.25,0.2,0.2,0.01629,True,1,1,890,True,0.141407,0.230921,0.147597,0.352298,0.04521,0.067379,0.014135,0.001053,train_rain_coincident
INJ_0103,train,dc_washington,"Washington, DC",2018-04-27 11:00:00,2018-04-29 06:00:00,11555,13,31,44,linear_ramp,1.53,Band_C_High,2499.3,fission_pure_i131,0.0,1.0,0.0,0.0,0.01862,True,1,1,476,True,0.127775,0.714612,0.08792,0.047312,0.008816,0.006415,0.006054,0.001095,train_rain_coincident
INJ_0104,train,dc_washington,"Washington, DC",2019-08-15 22:00:00,2019-08-17 15:00:00,22966,12,30,42,linear_ramp,2.89,Band_A_Low,498.1,mixed_fission_activation,0.35,0.25,0.2,0.2,0.0154,True,1,1,245,True,0.077064,0.191799,0.244879,0.186347,0.178213,0.106176,0.01451,0.001012,train_rain_coincident
INJ_0105,train,dc_washington,"Washington, DC",2019-09-30 14:00:00,2019-10-02 16:00:00,24062,15,36,51,step,0.0,Band_C_High,1956.6,activation_orphan_co60,0.0,0.0,1.0,0.0,0.01455,True,1,1,23,True,0.196776,0.147065,0.10359,0.148232,0.071998,0.303654,0.027658,0.001027,train_rain_coincident
INJ_0106,train,dc_washington,"Washington, DC",2020-08-27 13:00:00,2020-08-28 00:00:00,32029,4,8,12,step,0.0,Band_A_Low,396.3,fission_pure_i131,0.0,1.0,0.0,0.0,0.01816,False,0,0,422,True,0.321204,0.52622,0.065337,0.071367,0.005135,0.005509,0.004129,0.001099,train_strictly_dry
INJ_0107,train,dc_washington,"Washington, DC",2020-10-23 21:00:00,2020-10-25 07:00:00,33405,12,23,35,linear_ramp,3.13,Band_A_Low,333.1,fission_pure_cs137,1.0,0.0,0.0,0.0,0.01771,False,0,0,124,True,0.210565,0.188522,0.054211,0.518611,0.014331,0.00539,0.007245,0.001124,train_strictly_dry
INJ_0108,train,dc_washington,"Washington, DC",2018-06-19 03:00:00,2018-06-19 13:00:00,12819,4,7,11,step,0.0,Band_A_Low,277.1,activation_orphan_co60,0.0,0.0,1.0,0.0,0.01482,False,0,0,468,True,0.077108,0.246019,0.108094,0.136943,0.051593,0.3558,0.02344,0.001002,train_strictly_dry
INJ_0109,train,dc_washington,"Washington, DC",2017-07-11 23:00:00,2017-07-12 14:00:00,4607,5,11,16,linear_ramp,2.5,Band_C_High,2467.1,activation_orphan_co60,0.0,0.0,1.0,0.0,0.01527,False,0,0,80,True,0.053324,0.272851,0.284815,0.057561,0.102497,0.211721,0.016229,0.001002,train_strictly_dry
INJ_0110,train,dc_washington,"Washington, DC",2018-05-09 21:00:00,2018-05-11 03:00:00,11853,10,21,31,step,0.0,Band_C_High,1790.4,fission_pure_i131,0.0,1.0,0.0,0.0,0.01555,False,0,0,255,True,0.279322,0.610162,0.050241,0.036931,0.012831,0.007071,0.002374,0.001069,train_strictly_dry
INJ_0111,train,dc_washington,"Washington, DC",2021-09-14 05:00:00,2021-09-14 14:00:00,41213,4,6,10,linear_ramp,3.65,Band_A_Low,548.0,fission_pure_cs137,1.0,0.0,0.0,0.0,0.01742,False,0,0,157,True,0.27724,0.027666,0.156097,0.512378,0.007296,0.012092,0.006276,0.000955,train_strictly_dry
INJ_0112,train,dc_washington,"Washington, DC",2017-06-04 20:00:00,2017-06-05 23:00:00,3716,9,19,28,step,0.0,Band_A_Low,333.1,mixed_fission_activation,0.35,0.25,0.2,0.2,0.01652,False,0,0,840,True,0.107373,0.249113,0.085737,0.26985,0.176708,0.092812,0.017285,0.001123,train_strictly_dry
INJ_0113,train,dc_washington,"Washington, DC",2021-06-18 16:00:00,2021-06-19 21:00:00,39112,10,20,30,linear_ramp,3.48,Band_C_High,1459.1,fission_pure_cs137,1.0,0.0,0.0,0.0,0.01659,False,0,0,113,True,0.129065,0.091455,0.269572,0.491481,0.00542,0.005051,0.007066,0.000889,train_strictly_dry
INJ_0114,train,dc_washington,"Washington, DC",2017-02-14 13:00:00,2017-02-15 20:00:00,1069,11,21,32,step,0.0,Band_A_Low,426.8,mixed_fission_activation,0.35,0.25,0.2,0.2,0.01693,False,0,0,188,True,0.263598,0.224222,0.210523,0.188344,0.022982,0.070926,0.018396,0.001009,train_strictly_dry
INJ_0115,train,dc_washington,"Washington, DC",2022-01-25 15:00:00,2022-01-26 00:00:00,44415,4,6,10,step,0.0,Band_C_High,1460.9,fission_pure_i131,0.0,1.0,0.0,0.0,0.01615,False,0,0,276,True,0.207952,0.653891,0.069057,0.044244,0.013092,0.004515,0.006267,0.000982,train_strictly_dry
INJ_0116,train,dc_washington,"Washington, DC",2021-07-03 19:00:00,2021-07-04 05:00:00,39475,4,7,11,linear_ramp,1.67,Band_A_Low,587.0,fission_pure_i131,0.0,1.0,0.0,0.0,0.01836,False,0,0,334,True,0.386858,0.397817,0.07206,0.105841,0.016853,0.012696,0.006861,0.001016,train_strictly_dry
INJ_0117,train,dc_washington,"Washington, DC",2018-05-29 22:00:00,2018-05-30 15:00:00,12334,6,12,18,step,0.0,Band_C_High,1410.0,fission_reactor_fukushima,0.4,0.3,0.0,0.3,0.01664,False,0,0,43,True,0.179343,0.370606,0.03322,0.314247,0.060428,0.034271,0.006887,0.000999,train_strictly_dry
INJ_0118,train,dc_washington,"Washington, DC",2021-01-13 05:00:00,2021-01-13 16:00:00,35357,4,8,12,step,0.0,Band_C_High,2412.0,fission_reactor_fukushima,0.4,0.3,0.0,0.3,0.01664,False,0,0,36,True,0.020967,0.39389,0.041092,0.434992,0.076393,0.026268,0.005354,0.001044,train_strictly_dry
INJ_0119,train,dc_washington,"Washington, DC",2020-10-27 16:00:00,2020-10-28 05:00:00,33496,4,10,14,step,0.0,Band_C_High,2004.3,fission_pure_i131,0.0,1.0,0.0,0.0,0.01561,False,0,0,57,True,0.284397,0.541995,0.071984,0.063769,0.022452,0.012507,0.001858,0.001038,train_strictly_dry
INJ_0120,train,dc_washington,"Washington, DC",2017-04-29 20:00:00,2017-04-30 20:00:00,2852,8,17,25,step,0.0,Band_A_Low,562.7,mixed_fission_activation,0.35,0.25,0.2,0.2,0.01786,False,0,0,485,True,0.148292,0.215565,0.132638,0.233683,0.14381,0.09919,0.025431,0.00139,train_strictly_dry
INJ_0121,train,dc_washington,"Washington, DC",2021-09-04 04:00:00,2021-09-04 16:00:00,40972,4,9,13,step,0.0,Band_C_High,1498.7,fission_reactor_fukushima,0.4,0.3,0.0,0.3,0.01649,False,0,0,231,True,0.12318,0.330888,0.083462,0.373876,0.050691,0.033214,0.003649,0.001039,train_strictly_dry
INJ_0122,train,dc_washington,"Washington, DC",2017-07-16 03:00:00,2017-07-16 14:00:00,4707,4,8,12,linear_ramp,1.47,Band_A_Low,287.1,fission_pure_cs137,1.0,0.0,0.0,0.0,0.0154,False,0,0,59,True,0.293896,0.233965,0.069915,0.369306,0.016548,0.007796,0.007482,0.001093,train_strictly_dry
INJ_0123,train,dc_washington,"Washington, DC",2021-10-08 07:00:00,2021-10-08 16:00:00,41791,4,6,10,step,0.0,Band_C_High,2245.6,fission_pure_cs137,1.0,0.0,0.0,0.0,0.01421,False,0,0,61,True,0.303962,0.176352,0.066369,0.425977,0.011403,0.011682,0.003247,0.001007,train_strictly_dry
INJ_0124,train,dc_washington,"Washington, DC",2022-10-21 08:00:00,2022-10-21 17:00:00,50864,4,6,10,step,0.0,Band_C_High,1853.1,fission_reactor_fukushima,0.4,0.3,0.0,0.3,0.01724,False,0,0,1125,True,0.127345,0.377464,0.049458,0.388409,0.027684,0.025495,0.00317,0.000975,train_strictly_dry
INJ_0125,train,dc_washington,"Washington, DC",2018-09-04 02:00:00,2018-09-04 15:00:00,14666,4,10,14,linear_ramp,3.8,Band_C_High,1758.3,mixed_fission_activation,0.35,0.25,0.2,0.2,0.01806,False,0,0,154,True,0.216232,0.344676,0.036248,0.228907,0.034644,0.113254,0.024811,0.001229,train_strictly_dry
INJ_0126,train,dc_washington,"Washington, DC",2017-07-20 08:00:00,2017-07-21 14:00:00,4808,10,21,31,linear_ramp,2.34,Band_C_High,2408.7,mixed_fission_activation,0.35,0.25,0.2,0.2,0.01612,False,0,0,31,True,0.14686,0.143,0.120645,0.340794,0.119694,0.117311,0.010601,0.001096,train_strictly_dry
INJ_0127,train,dc_washington,"Washington, DC",2022-09-03 22:00:00,2022-09-04 11:00:00,49726,4,10,14,linear_ramp,3.95,Band_A_Low,294.2,activation_orphan_co60,0.0,0.0,1.0,0.0,0.01904,False,0,0,152,True,0.041219,0.098954,0.202195,0.19434,0.203969,0.221989,0.036154,0.001181,train_strictly_dry
INJ_0128,train,dc_washington,"Washington, DC",2020-06-29 02:00:00,2020-06-29 15:00:00,30602,4,10,14,step,0.0,Band_C_High,2406.0,fission_pure_cs137,1.0,0.0,0.0,0.0,0.01746,False,0,0,83,True,0.330196,0.072435,0.065174,0.513128,0.003832,0.008683,0.005629,0.000923,train_strictly_dry
INJ_0129,train,dc_washington,"Washington, DC",2018-02-26 20:00:00,2018-02-27 16:00:00,10124,7,14,21,linear_ramp,3.5,Band_C_High,2394.3,activation_orphan_co60,0.0,0.0,1.0,0.0,0.01774,False,0,0,50,True,0.318821,0.111506,0.128211,0.151687,0.042978,0.21896,0.026839,0.000999,train_strictly_dry
INJ_0130,train,dc_washington,"Washington, DC",2021-02-21 02:00:00,2021-02-21 17:00:00,36290,5,11,16,step,0.0,Band_A_Low,377.0,fission_reactor_fukushima,0.4,0.3,0.0,0.3,0.01827,False,0,0,585,True,0.132177,0.369804,0.038548,0.311568,0.093721,0.047011,0.006125,0.001045,train_strictly_dry
INJ_0131,train,dc_washington,"Washington, DC",2018-01-20 04:00:00,2018-01-20 18:00:00,9220,5,10,15,linear_ramp,1.26,Band_C_High,2077.9,fission_reactor_fukushima,0.4,0.3,0.0,0.3,0.0159,False,0,0,12,True,0.044556,0.31879,0.154921,0.369953,0.050752,0.054059,0.006031,0.000938,train_strictly_dry
INJ_0132,train,dc_washington,"Washington, DC",2017-03-21 02:00:00,2017-03-21 12:00:00,1898,4,7,11,step,0.0,Band_A_Low,423.7,activation_orphan_co60,0.0,0.0,1.0,0.0,0.01542,False,0,0,798,True,0.222116,0.117325,0.046929,0.193432,0.031096,0.356105,0.03199,0.001007,train_strictly_dry
INJ_0133,train,dc_washington,"Washington, DC",2018-08-28 02:00:00,2018-08-28 16:00:00,14498,5,10,15,linear_ramp,2.72,Band_C_High,2128.2,fission_reactor_fukushima,0.4,0.3,0.0,0.3,0.01839,False,0,0,239,True,0.098812,0.293906,0.147539,0.349256,0.061778,0.042398,0.005261,0.001049,train_strictly_dry
INJ_0134,train,dc_washington,"Washington, DC",2021-10-23 02:00:00,2021-10-23 14:00:00,42146,4,9,13,step,0.0,Band_A_Low,381.0,activation_orphan_co60,0.0,0.0,1.0,0.0,0.01885,False,0,0,59,True,0.237777,0.157194,0.159596,0.024273,0.168349,0.218017,0.033735,0.001058,train_strictly_dry
INJ_0135,train,dc_washington,"Washington, DC",2021-10-14 00:00:00,2021-10-14 15:00:00,41928,5,11,16,linear_ramp,2.43,Band_A_Low,547.5,fission_pure_cs137,1.0,0.0,0.0,0.0,0.01686,False,0,0,128,True,0.077474,0.117707,0.31727,0.457731,0.015688,0.008791,0.004391,0.000949,train_strictly_dry
INJ_0136,train,dc_washington,"Washington, DC",2022-07-02 03:00:00,2022-07-03 05:00:00,48195,9,18,27,linear_ramp,1.16,Band_C_High,2423.9,mixed_fission_activation,0.35,0.25,0.2,0.2,0.01406,False,0,0,804,True,0.295216,0.200888,0.032191,0.24336,0.104853,0.103072,0.019301,0.00112,train_strictly_dry
INJ_0137,train,dc_washington,"Washington, DC",2020-09-16 04:00:00,2020-09-16 16:00:00,32500,4,9,13,linear_ramp,2.55,Band_C_High,2095.7,fission_pure_i131,0.0,1.0,0.0,0.0,0.01812,False,0,0,460,True,0.350455,0.535271,0.040745,0.05024,0.010232,0.009163,0.002962,0.000934,train_strictly_dry
INJ_0138,train,dc_washington,"Washington, DC",2019-01-15 16:00:00,2019-01-16 16:00:00,17872,8,17,25,linear_ramp,2.99,Band_A_Low,462.0,activation_orphan_co60,0.0,0.0,1.0,0.0,0.01466,False,0,0,479,True,0.098353,0.390325,0.130787,0.041369,0.074311,0.240232,0.023552,0.001072,train_strictly_dry
INJ_0139,train,dc_washington,"Washington, DC",2020-02-23 00:00:00,2020-02-23 16:00:00,27552,5,12,17,linear_ramp,2.2,Band_A_Low,559.7,mixed_fission_activation,0.35,0.25,0.2,0.2,0.0162,False,0,0,1114,True,0.267205,0.257045,0.094401,0.25909,0.005047,0.103987,0.012228,0.000998,train_strictly_dry
INJ_0140,train,dc_washington,"Washington, DC",2022-03-15 20:00:00,2022-03-16 17:00:00,45596,7,15,22,linear_ramp,1.08,Band_C_High,1436.1,fission_pure_i131,0.0,1.0,0.0,0.0,0.01531,False,0,0,316,True,0.202468,0.661276,0.048822,0.049916,0.015762,0.013293,0.00743,0.001033,train_strictly_dry
INJ_0141,test,dc_washington,"Washington, DC",2024-03-10 05:00:00,2024-03-13 18:00:00,63005,24,62,86,exponential,1.67,Band_B_Mid,752.8,activation_orphan_co60,0.0,0.0,1.0,0.0,0.01573,True,1,1,831,True,0.236048,0.1511,0.027019,0.135543,0.172852,0.256209,0.020276,0.000953,test_standard_rain
INJ_0142,test,dc_washington,"Washington, DC",2023-08-14 21:00:00,2023-08-17 15:00:00,58005,20,47,67,exponential,1.5,Band_B_Mid,1031.7,mixed_fission_activation,0.35,0.25,0.2,0.2,0.0165,True,4,1,6,True,0.083007,0.29869,0.053402,0.32436,0.0453,0.171699,0.022373,0.001169,test_standard_rain
INJ_0143,test,dc_washington,"Washington, DC",2024-07-17 23:00:00,2024-07-19 12:00:00,66119,11,27,38,sigmoidal,1.04,Band_B_Mid,860.5,activation_orphan_co60,0.0,0.0,1.0,0.0,0.01726,True,1,1,29,True,0.17682,0.078496,0.030885,0.321247,0.151411,0.215458,0.024658,0.001025,test_standard_rain
INJ_0144,test,dc_washington,"Washington, DC",2024-04-03 02:00:00,2024-04-08 15:00:00,63578,24,110,134,sigmoidal,1.09,Band_B_Mid,1078.9,fission_pure_cs137,1.0,0.0,0.0,0.0,0.01745,True,7,7,488,True,0.160217,0.158442,0.081595,0.577528,0.015547,0.003378,0.002392,0.000899,test_standard_rain
INJ_0145,test,dc_washington,"Washington, DC",2024-07-23 04:00:00,2024-07-27 17:00:00,66244,24,86,110,sigmoidal,1.71,Band_B_Mid,974.0,fission_pure_cs137,1.0,0.0,0.0,0.0,0.01657,True,3,1,88,True,0.172401,0.166874,0.17798,0.468282,0.007823,0.003892,0.001767,0.000982,test_standard_rain
INJ_0146,test,dc_washington,"Washington, DC",2024-08-03 23:00:00,2024-08-05 17:00:00,66527,12,31,43,exponential,1.03,Band_B_Mid,938.0,mixed_fission_activation,0.35,0.25,0.2,0.2,0.01774,True,2,2,29,True,0.116791,0.138303,0.296485,0.322369,0.010196,0.102288,0.012564,0.001004,test_standard_rain
INJ_0147,test,dc_washington,"Washington, DC",2024-09-30 15:00:00,2024-10-05 16:00:00,67911,24,98,122,sigmoidal,1.59,Band_B_Mid,803.9,fission_reactor_fukushima,0.4,0.3,0.0,0.3,0.01477,True,8,3,240,True,0.124125,0.50295,0.029352,0.262131,0.04285,0.034915,0.002739,0.000938,test_standard_rain
INJ_0148,test,dc_washington,"Washington, DC",2023-07-09 20:00:00,2023-07-12 15:00:00,57140,20,48,68,sigmoidal,1.26,Band_B_Mid,983.1,fission_reactor_fukushima,0.4,0.3,0.0,0.3,0.01724,True,1,1,97,True,0.098881,0.395199,0.068037,0.350102,0.050577,0.032568,0.003604,0.001032,test_standard_rain
INJ_0149,test,dc_washington,"Washington, DC",2024-12-28 12:00:00,2024-12-31 15:00:00,70044,22,54,76,exponential,1.26,Band_B_Mid,934.4,fission_pure_i131,0.0,1.0,0.0,0.0,0.01825,True,4,4,236,True,0.22653,0.642865,0.04776,0.06085,0.01044,0.006126,0.004473,0.000956,test_standard_rain
INJ_0150,test,dc_washington,"Washington, DC",2024-06-05 20:00:00,2024-06-09 21:00:00,65108,24,74,98,exponential,2.27,Band_B_Mid,949.5,fission_pure_i131,0.0,1.0,0.0,0.0,0.01895,True,2,2,30,True,0.178657,0.656305,0.054738,0.07345,0.023816,0.005755,0.006304,0.000974,test_standard_rain
INJ_0151,test,dc_washington,"Washington, DC",2025-05-09 07:00:00,2025-05-12 14:00:00,73207,8,72,80,sigmoidal,0.94,Band_A_Low (Stress Test),329.8,mixed_fission_activation,0.35,0.25,0.2,0.2,0.01891,True,3,3,1407,True,0.003949,0.191993,0.143535,0.332035,0.223594,0.077229,0.026248,0.001417,test_stress_rain
INJ_0152,test,dc_washington,"Washington, DC",2024-11-11 01:00:00,2024-11-12 14:00:00,68905,8,30,38,exponential,1.76,Band_A_Low (Stress Test),319.2,fission_reactor_fukushima,0.4,0.3,0.0,0.3,0.01709,True,1,1,79,True,0.17108,0.2029,0.099804,0.398189,0.080443,0.036827,0.009669,0.00109,test_stress_rain
INJ_0153,test,dc_washington,"Washington, DC",2023-09-09 03:00:00,2023-09-12 13:00:00,58611,8,75,83,sigmoidal,0.79,Band_A_Low (Stress Test),517.4,fission_reactor_fukushima,0.4,0.3,0.0,0.3,0.01519,True,7,2,14,True,0.095996,0.267504,0.122905,0.421166,0.035847,0.052004,0.00353,0.00105,test_stress_rain
INJ_0154,test,dc_washington,"Washington, DC",2024-07-04 22:00:00,2024-07-06 15:00:00,65806,8,34,42,sigmoidal,1.11,Band_A_Low (Stress Test),387.1,fission_pure_i131,0.0,1.0,0.0,0.0,0.01313,True,1,1,464,True,0.185469,0.662187,0.052664,0.066913,0.02264,0.003889,0.005372,0.000865,test_stress_rain
INJ_0155,test,dc_washington,"Washington, DC",2024-08-09 12:00:00,2024-08-12 16:00:00,66660,8,69,77,sigmoidal,0.81,Band_A_Low (Stress Test),457.8,fission_pure_i131,0.0,1.0,0.0,0.0,0.01555,True,5,3,91,True,0.206618,0.623389,0.067328,0.064651,0.020014,0.008877,0.008017,0.001107,test_stress_rain
INJ_0156,test,dc_washington,"Washington, DC",2023-06-27 23:00:00,2023-06-30 09:00:00,56855,8,51,59,exponential,0.96,Band_A_Low (Stress Test),271.5,mixed_fission_activation,0.35,0.25,0.2,0.2,0.01562,True,2,2,223,True,0.060658,0.27774,0.120224,0.211825,0.173311,0.138478,0.016798,0.000966,test_stress_rain
INJ_0157,test,dc_washington,"Washington, DC",2023-08-08 04:00:00,2023-08-09 23:00:00,57844,8,36,44,exponential,1.75,Band_A_Low (Stress Test),566.0,activation_orphan_co60,0.0,0.0,1.0,0.0,0.01923,True,2,2,311,True,0.17062,0.039779,0.029816,0.270138,0.222081,0.225783,0.040817,0.000966,test_stress_rain
INJ_0158,test,dc_washington,"Washington, DC",2024-09-17 21:00:00,2024-09-20 15:00:00,67605,8,59,67,sigmoidal,1.07,Band_A_Low (Stress Test),404.0,fission_pure_cs137,1.0,0.0,0.0,0.0,0.01686,True,3,1,125,True,0.115928,0.183597,0.143037,0.523333,0.012907,0.012991,0.007231,0.000977,test_stress_rain
INJ_0159,test,dc_washington,"Washington, DC",2023-07-24 10:00:00,2023-07-26 05:00:00,57490,8,36,44,sigmoidal,1.25,Band_A_Low (Stress Test),566.5,activation_orphan_co60,0.0,0.0,1.0,0.0,0.01941,True,1,1,19,True,0.132785,0.174821,0.036909,0.208443,0.12709,0.302857,0.016078,0.001018,test_stress_rain
INJ_0160,test,dc_washington,"Washington, DC",2024-08-26 18:00:00,2024-08-28 18:00:00,67074,8,41,49,sigmoidal,1.24,Band_A_Low (Stress Test),325.1,fission_pure_cs137,1.0,0.0,0.0,0.0,0.01552,True,2,2,75,True,0.160899,0.244295,0.010917,0.559528,0.01178,0.007372,0.004216,0.000993,test_stress_rain
INJ_0161,test,dc_washington,"Washington, DC",2024-10-25 02:00:00,2024-10-26 15:00:00,68498,11,27,38,exponential,1.88,Band_B_Mid,1138.1,activation_orphan_co60,0.0,0.0,1.0,0.0,0.01775,False,0,0,12,True,0.166348,0.291302,0.038672,0.111565,0.137849,0.223074,0.030238,0.000952,test_standard_strictly_dry
INJ_0162,test,dc_washington,"Washington, DC",2024-06-12 05:00:00,2024-06-12 14:00:00,65261,3,7,10,sigmoidal,1.28,Band_A_Low (Stress Test),252.1,fission_reactor_fukushima,0.4,0.3,0.0,0.3,0.0169,False,0,0,56,True,0.080783,0.188685,0.16861,0.460266,0.059523,0.035635,0.005538,0.000961,test_stress_strictly_dry
INJ_0163,test,dc_washington,"Washington, DC",2023-11-19 22:00:00,2023-11-20 13:00:00,60334,5,11,16,sigmoidal,1.12,Band_A_Low (Stress Test),341.8,fission_pure_i131,0.0,1.0,0.0,0.0,0.01537,False,0,0,58,True,0.260209,0.594583,0.032679,0.077063,0.019134,0.008403,0.007035,0.000894,test_stress_strictly_dry
INJ_0164,test,dc_washington,"Washington, DC",2023-10-12 08:00:00,2023-10-12 16:00:00,59408,3,6,9,exponential,0.87,Band_A_Low (Stress Test),546.1,fission_pure_cs137,1.0,0.0,0.0,0.0,0.01602,False,0,0,18,True,0.314798,0.059208,0.132684,0.468999,0.00676,0.01404,0.002405,0.001105,test_stress_strictly_dry
INJ_0165,test,dc_washington,"Washington, DC",2024-10-08 06:00:00,2024-10-08 16:00:00,68094,3,8,11,exponential,1.64,Band_A_Low (Stress Test),305.3,activation_orphan_co60,0.0,0.0,1.0,0.0,0.01706,False,0,0,62,True,0.10121,0.133699,0.152084,0.147913,0.091671,0.342371,0.030032,0.001019,test_stress_strictly_dry
INJ_0166,test,dc_washington,"Washington, DC",2023-11-13 19:00:00,2023-11-14 13:00:00,60187,6,13,19,sigmoidal,1.15,Band_A_Low (Stress Test),574.8,fission_reactor_fukushima,0.4,0.3,0.0,0.3,0.01529,False,0,0,30,True,0.178662,0.400399,0.042708,0.281944,0.059695,0.026043,0.009501,0.001049,test_stress_strictly_dry
INJ_0167,test,dc_washington,"Washington, DC",2023-06-14 08:00:00,2023-06-14 18:00:00,56528,3,8,11,sigmoidal,1.09,Band_A_Low (Stress Test),302.0,fission_pure_i131,0.0,1.0,0.0,0.0,0.01763,False,0,0,160,True,0.163843,0.698501,0.06401,0.044194,0.013827,0.012931,0.001681,0.001012,test_stress_strictly_dry
INJ_0168,test,dc_washington,"Washington, DC",2025-08-02 01:00:00,2025-08-03 15:00:00,75241,11,28,39,sigmoidal,1.22,Band_B_Mid,967.0,fission_reactor_fukushima,0.4,0.3,0.0,0.3,0.01617,False,0,0,33,True,0.114537,0.220949,0.224042,0.365793,0.033153,0.034869,0.005821,0.000837,test_standard_strictly_dry
INJ_0169,test,dc_washington,"Washington, DC",2024-05-01 10:00:00,2024-05-03 11:00:00,64258,15,35,50,sigmoidal,1.59,Band_B_Mid,1160.7,fission_pure_i131,0.0,1.0,0.0,0.0,0.01564,False,0,0,3,True,0.203573,0.681881,0.026848,0.063619,0.010455,0.008055,0.004545,0.001024,test_standard_strictly_dry
INJ_0170,test,dc_washington,"Washington, DC",2025-07-21 09:00:00,2025-07-21 16:00:00,74961,3,5,8,sigmoidal,0.8,Band_A_Low (Stress Test),354.3,mixed_fission_activation,0.35,0.25,0.2,0.2,0.01626,False,0,0,197,True,0.042124,0.27962,0.254505,0.2596,0.043627,0.09394,0.025341,0.001243,test_stress_strictly_dry
INJ_0171,test,dc_washington,"Washington, DC",2024-08-23 08:00:00,2024-08-23 15:00:00,66992,3,5,8,exponential,1.79,Band_A_Low (Stress Test),257.0,activation_orphan_co60,0.0,0.0,1.0,0.0,0.01689,False,0,0,208,True,0.129629,0.198536,0.078529,0.239165,0.055007,0.264871,0.033262,0.001001,test_stress_strictly_dry
INJ_0172,test,dc_washington,"Washington, DC",2024-12-03 02:00:00,2024-12-05 15:00:00,69434,18,44,62,sigmoidal,1.56,Band_B_Mid,1107.6,fission_reactor_fukushima,0.4,0.3,0.0,0.3,0.01785,False,0,0,31,True,0.010703,0.460271,0.085644,0.319961,0.07134,0.047513,0.003543,0.001024,test_standard_strictly_dry
INJ_0173,test,dc_washington,"Washington, DC",2023-11-16 19:00:00,2023-11-17 12:00:00,60259,6,12,18,sigmoidal,0.99,Band_A_Low (Stress Test),293.6,mixed_fission_activation,0.35,0.25,0.2,0.2,0.01887,False,0,0,54,True,0.050653,0.252745,0.137708,0.29364,0.148661,0.105824,0.009582,0.001189,test_stress_strictly_dry
INJ_0174,test,dc_washington,"Washington, DC",2023-06-17 05:00:00,2023-06-18 16:00:00,56597,10,26,36,sigmoidal,1.71,Band_B_Mid,962.5,mixed_fission_activation,0.35,0.25,0.2,0.2,0.01814,False,0,0,9,True,0.047667,0.264523,0.069009,0.351014,0.144447,0.101206,0.021087,0.001047,test_standard_strictly_dry
INJ_0175,test,dc_washington,"Washington, DC",2023-11-06 22:00:00,2023-11-07 14:00:00,60022,5,12,17,exponential,1.3,Band_A_Low (Stress Test),470.6,fission_pure_cs137,1.0,0.0,0.0,0.0,0.0166,False,0,0,51,True,0.070443,0.064218,0.475099,0.365727,0.011402,0.008213,0.003877,0.00102,test_stress_strictly_dry
INJ_0176,test,dc_washington,"Washington, DC",2025-01-26 03:00:00,2025-01-27 15:00:00,70731,11,26,37,exponential,1.73,Band_B_Mid,976.4,fission_pure_cs137,1.0,0.0,0.0,0.0,0.01778,False,0,0,612,True,0.175465,0.163773,0.229179,0.388453,0.030106,0.008142,0.00392,0.000961,test_standard_strictly_dry
INJ_0177,test,dc_washington,"Washington, DC",2023-02-05 22:00:00,2023-02-07 14:00:00,53446,12,29,41,sigmoidal,1.51,Band_B_Mid,752.3,fission_pure_i131,0.0,1.0,0.0,0.0,0.01552,False,0,0,1493,True,0.227965,0.611187,0.063655,0.06513,0.012352,0.012154,0.006555,0.001002,test_standard_strictly_dry
INJ_0178,test,dc_washington,"Washington, DC",2024-10-18 02:00:00,2024-10-19 16:00:00,68330,11,28,39,exponential,1.52,Band_B_Mid,1116.6,fission_pure_cs137,1.0,0.0,0.0,0.0,0.01616,False,0,0,226,True,0.51434,0.03591,0.015938,0.391167,0.026005,0.006437,0.00915,0.001052,test_standard_strictly_dry
INJ_0179,test,dc_washington,"Washington, DC",2023-12-14 03:00:00,2023-12-16 17:00:00,60915,18,45,63,sigmoidal,1.35,Band_B_Mid,1123.0,activation_orphan_co60,0.0,0.0,1.0,0.0,0.01773,False,0,0,133,True,0.096284,0.29211,0.092437,0.067226,0.051104,0.369824,0.030075,0.00094,test_standard_strictly_dry
INJ_0180,test,dc_washington,"Washington, DC",2023-12-07 01:00:00,2023-12-08 14:00:00,60745,11,27,38,exponential,1.69,Band_B_Mid,726.2,mixed_fission_activation,0.35,0.25,0.2,0.2,0.01812,False,0,0,4,True,0.025604,0.280827,0.174489,0.295687,0.133895,0.074241,0.014112,0.001145,test_standard_strictly_dry
INJ_0181,train,ca_san_diego,"San Diego, CA",2020-10-26 07:00:00,2020-10-28 19:00:00,33463,18,43,61,step,0.0,Band_C_High,2335.9,fission_pure_i131,0.0,1.0,0.0,0.0,0.02372,True,1,1,37,True,0.226099,0.63699,0.035004,0.071887,0.013421,0.009324,0.00638,0.000895,train_rain_coincident
INJ_0182,train,ca_san_diego,"San Diego, CA",2022-02-23 03:00:00,2022-02-25 20:00:00,45099,19,47,66,step,0.0,Band_A_Low,335.4,mixed_fission_activation,0.35,0.25,0.2,0.2,0.02403,True,3,3,57,True,0.070898,0.20676,0.160162,0.350483,0.099486,0.103076,0.008226,0.00091,train_rain_coincident
INJ_0183,train,ca_san_diego,"San Diego, CA",2020-02-10 17:00:00,2020-02-11 18:00:00,27257,7,19,26,linear_ramp,1.76,Band_A_Low,506.6,fission_pure_i131,0.0,1.0,0.0,0.0,0.02147,True,1,1,93,True,0.143844,0.754035,0.05253,0.028267,0.007602,0.006354,0.006562,0.000806,train_rain_coincident
INJ_0184,train,ca_san_diego,"San Diego, CA",2020-01-17 16:00:00,2020-01-20 19:00:00,26680,22,54,76,linear_ramp,3.11,Band_C_High,1682.5,fission_reactor_fukushima,0.4,0.3,0.0,0.3,0.026,True,1,1,19,True,0.135653,0.434138,0.026307,0.304765,0.062295,0.033236,0.002583,0.001025,train_rain_coincident
INJ_0185,train,ca_san_diego,"San Diego, CA",2017-02-07 14:00:00,2017-02-10 20:00:00,902,23,56,79,linear_ramp,2.24,Band_A_Low,387.6,fission_reactor_fukushima,0.4,0.3,0.0,0.3,0.02564,True,1,1,139,True,0.081294,0.430814,0.017422,0.356935,0.060242,0.047243,0.004887,0.001163,train_rain_coincident
INJ_0186,train,ca_san_diego,"San Diego, CA",2017-01-13 14:00:00,2017-01-16 20:00:00,302,23,56,79,step,0.0,Band_A_Low,595.8,fission_pure_i131,0.0,1.0,0.0,0.0,0.02555,True,2,2,235,True,0.203821,0.641369,0.0482,0.07249,0.021756,0.008858,0.002567,0.000939,train_rain_coincident
INJ_0187,train,ca_san_diego,"San Diego, CA",2021-10-05 04:00:00,2021-10-06 15:00:00,41716,10,26,36,linear_ramp,2.64,Band_A_Low,421.4,activation_orphan_co60,0.0,0.0,1.0,0.0,0.026,True,6,6,30,True,0.155038,0.122407,0.092058,0.199289,0.014924,0.395212,0.020138,0.000933,train_rain_coincident
INJ_0188,train,ca_san_diego,"San Diego, CA",2018-03-11 01:00:00,2018-03-13 17:00:00,10417,19,46,65,step,0.0,Band_A_Low,587.3,fission_pure_cs137,1.0,0.0,0.0,0.0,0.02549,True,4,4,78,True,0.063503,0.059688,0.343038,0.517051,0.00809,0.005485,0.002127,0.001018,train_rain_coincident
INJ_0189,train,ca_san_diego,"San Diego, CA",2019-05-22 22:00:00,2019-05-24 16:00:00,20926,12,31,43,step,0.0,Band_C_High,2067.6,fission_pure_cs137,1.0,0.0,0.0,0.0,0.02316,True,1,1,101,True,0.102759,0.214515,0.23588,0.415203,0.01532,0.010173,0.005151,0.000999,train_rain_coincident
INJ_0190,train,ca_san_diego,"San Diego, CA",2018-10-05 11:00:00,2018-10-06 13:00:00,15419,8,19,27,step,0.0,Band_A_Low,294.7,activation_orphan_co60,0.0,0.0,1.0,0.0,0.02364,True,1,1,16,True,0.16319,0.183506,0.085193,0.049089,0.213357,0.28418,0.020551,0.000934,train_rain_coincident
INJ_0191,train,ca_san_diego,"San Diego, CA",2021-03-11 11:00:00,2021-03-14 19:00:00,36731,24,57,81,step,0.0,Band_A_Low,472.6,fission_pure_cs137,1.0,0.0,0.0,0.0,0.02135,True,5,5,42,True,0.148593,0.176413,0.05633,0.583746,0.028327,0.003438,0.002227,0.000927,train_rain_coincident
INJ_0192,train,ca_san_diego,"San Diego, CA",2021-04-26 20:00:00,2021-04-28 17:00:00,37844,13,33,46,step,0.0,Band_C_High,1709.7,fission_reactor_fukushima,0.4,0.3,0.0,0.3,0.026,True,1,1,168,True,0.089995,0.328772,0.077544,0.379835,0.057082,0.058744,0.006912,0.001115,train_rain_coincident
INJ_0193,train,ca_san_diego,"San Diego, CA",2018-10-13 07:00:00,2018-10-14 12:00:00,15607,9,21,30,step,0.0,Band_A_Low,265.3,mixed_fission_activation,0.35,0.25,0.2,0.2,0.02306,True,1,1,110,True,0.072729,0.203777,0.194483,0.234519,0.136632,0.132064,0.024669,0.001128,train_rain_coincident
INJ_0194,train,ca_san_diego,"San Diego, CA",2022-11-02 15:00:00,2022-11-04 19:00:00,51159,15,38,53,linear_ramp,2.39,Band_C_High,1597.7,mixed_fission_activation,0.35,0.25,0.2,0.2,0.02288,True,1,1,213,True,0.070818,0.231583,0.075709,0.275321,0.182494,0.146745,0.016138,0.001191,train_rain_coincident
INJ_0195,train,ca_san_diego,"San Diego, CA",2022-03-29 12:00:00,2022-04-01 17:00:00,45924,23,55,78,linear_ramp,3.24,Band_C_High,1690.9,activation_orphan_co60,0.0,0.0,1.0,0.0,0.02393,True,1,1,113,True,0.066841,0.230761,0.091635,0.196469,0.099803,0.278171,0.035369,0.000949,train_rain_coincident
INJ_0196,train,ca_san_diego,"San Diego, CA",2017-04-30 20:00:00,2017-05-01 19:00:00,2876,8,16,24,step,0.0,Band_A_Low,497.5,activation_orphan_co60,0.0,0.0,1.0,0.0,0.02349,False,0,0,96,True,0.223067,0.06969,0.025399,0.152529,0.183106,0.324949,0.020267,0.000994,train_strictly_dry
INJ_0197,train,ca_san_diego,"San Diego, CA",2017-04-21 03:00:00,2017-04-21 19:00:00,2643,5,12,17,step,0.0,Band_A_Low,387.2,fission_reactor_fukushima,0.4,0.3,0.0,0.3,0.02436,False,0,0,11,True,0.114249,0.433204,0.030651,0.315046,0.062184,0.039379,0.004327,0.000961,train_strictly_dry
INJ_0198,train,ca_san_diego,"San Diego, CA",2018-07-11 06:00:00,2018-07-11 16:00:00,13350,4,7,11,step,0.0,Band_A_Low,284.9,mixed_fission_activation,0.35,0.25,0.2,0.2,0.02413,False,0,0,112,True,0.021372,0.184483,0.177307,0.33458,0.18891,0.071215,0.021034,0.001099,train_strictly_dry
INJ_0199,train,ca_san_diego,"San Diego, CA",2017-10-13 02:00:00,2017-10-13 11:00:00,6842,4,6,10,linear_ramp,2.05,Band_C_High,1812.6,fission_pure_cs137,1.0,0.0,0.0,0.0,0.0238,False,0,0,230,True,0.248839,0.123854,0.212478,0.391837,0.013468,0.0048,0.00373,0.000994,train_strictly_dry
INJ_0200,train,ca_san_diego,"San Diego, CA",2020-06-12 12:00:00,2020-06-13 12:00:00,30204,8,17,25,step,0.0,Band_C_High,2350.9,activation_orphan_co60,0.0,0.0,1.0,0.0,0.02177,False,0,0,41,True,0.103017,0.010275,0.294701,0.097091,0.139951,0.33288,0.021117,0.000968,train_strictly_dry
INJ_0201,train,ca_san_diego,"San Diego, CA",2019-08-21 02:00:00,2019-08-21 13:00:00,23090,4,8,12,linear_ramp,1.46,Band_A_Low,292.4,fission_pure_i131,0.0,1.0,0.0,0.0,0.02307,False,0,0,39,True,0.274159,0.601919,0.06072,0.04533,0.004805,0.005162,0.006884,0.001021,train_strictly_dry
INJ_0202,train,ca_san_diego,"San Diego, CA",2019-01-20 01:00:00,2019-01-21 11:00:00,17977,12,23,35,step,0.0,Band_C_High,1497.1,fission_pure_cs137,1.0,0.0,0.0,0.0,0.026,False,0,0,246,True,0.08913,0.209339,0.192723,0.471275,0.021891,0.011208,0.003457,0.000977,train_strictly_dry
INJ_0203,train,ca_san_diego,"San Diego, CA",2021-09-04 02:00:00,2021-09-04 18:00:00,40970,5,12,17,linear_ramp,2.21,Band_A_Low,570.4,fission_pure_i131,0.0,1.0,0.0,0.0,0.026,False,0,0,30,True,0.38369,0.476184,0.047338,0.04952,0.026109,0.011096,0.004883,0.001181,train_strictly_dry
INJ_0204,train,ca_san_diego,"San Diego, CA",2018-05-22 06:00:00,2018-05-23 11:00:00,12150,10,20,30,step,0.0,Band_C_High,2389.9,fission_pure_cs137,1.0,0.0,0.0,0.0,0.026,False,0,0,109,True,0.32739,0.014184,0.103578,0.526227,0.012986,0.011054,0.003535,0.001045,train_strictly_dry
INJ_0205,train,ca_san_diego,"San Diego, CA",2017-09-26 09:00:00,2017-09-26 19:00:00,6441,4,7,11,step,0.0,Band_C_High,1621.9,activation_orphan_co60,0.0,0.0,1.0,0.0,0.02467,False,0,0,63,True,0.236707,0.087497,0.176854,0.055031,0.152257,0.264383,0.026212,0.00106,train_strictly_dry
INJ_0206,train,ca_san_diego,"San Diego, CA",2018-04-22 05:00:00,2018-04-22 19:00:00,11429,5,10,15,linear_ramp,1.48,Band_C_High,1513.3,fission_pure_i131,0.0,1.0,0.0,0.0,0.02318,False,0,0,15,True,0.312906,0.564331,0.043762,0.060612,0.006699,0.005017,0.005747,0.000927,train_strictly_dry
INJ_0207,train,ca_san_diego,"San Diego, CA",2017-09-07 21:00:00,2017-09-08 12:00:00,5997,5,11,16,step,0.0,Band_A_Low,502.6,fission_pure_cs137,1.0,0.0,0.0,0.0,0.02573,False,0,0,56,True,0.049815,0.131356,0.314199,0.483492,0.006503,0.010613,0.003097,0.000925,train_strictly_dry
INJ_0208,train,ca_san_diego,"San Diego, CA",2022-05-02 23:00:00,2022-05-03 11:00:00,46751,4,9,13,step,0.0,Band_C_High,1968.0,mixed_fission_activation,0.35,0.25,0.2,0.2,0.02564,False,0,0,54,True,0.141788,0.158364,0.088332,0.373843,0.072518,0.138106,0.02569,0.001359,train_strictly_dry
INJ_0209,train,ca_san_diego,"San Diego, CA",2022-08-25 07:00:00,2022-08-26 14:00:00,49495,11,21,32,linear_ramp,1.58,Band_C_High,2306.2,fission_reactor_fukushima,0.4,0.3,0.0,0.3,0.02211,False,0,0,276,True,0.119386,0.381856,0.111361,0.289369,0.066394,0.02605,0.004579,0.001006,train_strictly_dry
INJ_0210,train,ca_san_diego,"San Diego, CA",2017-08-07 04:00:00,2017-08-07 13:00:00,5236,4,6,10,linear_ramp,3.06,Band_A_Low,317.3,fission_reactor_fukushima,0.4,0.3,0.0,0.3,0.02392,False,0,0,103,True,0.135542,0.329145,0.171747,0.260379,0.050222,0.046789,0.005128,0.001048,train_strictly_dry
INJ_0211,train,ca_san_diego,"San Diego, CA",2017-04-17 01:00:00,2017-04-17 11:00:00,2545,4,7,11,linear_ramp,3.38,Band_A_Low,289.9,mixed_fission_activation,0.35,0.25,0.2,0.2,0.02162,False,0,0,128,True,0.124305,0.27349,0.063385,0.337035,0.075254,0.106347,0.019116,0.001068,train_strictly_dry
INJ_0212,train,ca_san_diego,"San Diego, CA",2021-07-02 02:00:00,2021-07-02 20:00:00,39434,6,13,19,linear_ramp,2.87,Band_C_High,1586.9,activation_orphan_co60,0.0,0.0,1.0,0.0,0.02304,False,0,0,79,True,0.068049,0.063415,0.439868,0.128245,0.046289,0.222412,0.030809,0.000914,train_strictly_dry
INJ_0213,train,ca_san_diego,"San Diego, CA",2017-05-23 03:00:00,2017-05-23 19:00:00,3411,5,12,17,linear_ramp,1.48,Band_C_High,2208.7,mixed_fission_activation,0.35,0.25,0.2,0.2,0.0226,False,0,0,34,True,0.242747,0.170396,0.134008,0.287704,0.025738,0.110396,0.027556,0.001456,train_strictly_dry
INJ_0214,train,ca_san_diego,"San Diego, CA",2018-11-26 22:00:00,2018-11-27 19:00:00,16678,7,15,22,linear_ramp,2.76,Band_A_Low,384.7,fission_pure_cs137,1.0,0.0,0.0,0.0,0.02194,False,0,0,28,True,0.310862,0.063959,0.151885,0.449788,0.009588,0.009367,0.003597,0.000955,train_strictly_dry
INJ_0215,train,ca_san_diego,"San Diego, CA",2017-11-02 21:00:00,2017-11-03 18:00:00,7341,7,15,22,step,0.0,Band_C_High,2242.8,fission_pure_i131,0.0,1.0,0.0,0.0,0.02472,False,0,0,169,True,0.29536,0.521055,0.094248,0.060085,0.010322,0.009213,0.008683,0.001035,train_strictly_dry
INJ_0216,train,ca_san_diego,"San Diego, CA",2020-07-23 12:00:00,2020-07-24 12:00:00,31188,8,17,25,step,0.0,Band_C_High,1502.5,fission_pure_i131,0.0,1.0,0.0,0.0,0.0246,False,0,0,167,True,0.237332,0.570016,0.073926,0.103096,0.007919,0.003407,0.003273,0.00103,train_strictly_dry
INJ_0217,train,ca_san_diego,"San Diego, CA",2021-02-19 05:00:00,2021-02-19 21:00:00,36245,5,12,17,step,0.0,Band_C_High,2357.9,activation_orphan_co60,0.0,0.0,1.0,0.0,0.02298,False,0,0,33,True,0.20249,0.099531,0.074361,0.174228,0.038859,0.391929,0.017576,0.001026,train_strictly_dry
INJ_0218,train,ca_san_diego,"San Diego, CA",2020-01-08 08:00:00,2020-01-08 21:00:00,26456,4,10,14,linear_ramp,3.05,Band_A_Low,508.5,activation_orphan_co60,0.0,0.0,1.0,0.0,0.02401,False,0,0,433,True,0.214277,0.156977,0.046577,0.249559,0.07953,0.234903,0.017126,0.00105,train_strictly_dry
INJ_0219,train,ca_san_diego,"San Diego, CA",2018-12-15 09:00:00,2018-12-15 20:00:00,17121,4,8,12,step,0.0,Band_C_High,1876.8,fission_pure_cs137,1.0,0.0,0.0,0.0,0.02463,False,0,0,109,True,0.16973,0.038439,0.185556,0.586474,0.006423,0.006524,0.00594,0.000915,train_strictly_dry
INJ_0220,train,ca_san_diego,"San Diego, CA",2018-09-03 09:00:00,2018-09-04 13:00:00,14649,10,19,29,linear_ramp,3.17,Band_C_High,1653.8,fission_pure_i131,0.0,1.0,0.0,0.0,0.02313,False,0,0,165,True,0.261582,0.59015,0.056074,0.060538,0.018824,0.009212,0.002753,0.000867,train_strictly_dry
INJ_0221,train,ca_san_diego,"San Diego, CA",2022-05-25 04:00:00,2022-05-25 15:00:00,47284,4,8,12,linear_ramp,2.65,Band_A_Low,418.4,activation_orphan_co60,0.0,0.0,1.0,0.0,0.02566,False,0,0,60,True,0.217377,0.083633,0.049606,0.223676,0.081103,0.322026,0.021647,0.00093,train_strictly_dry
INJ_0222,train,ca_san_diego,"San Diego, CA",2020-05-02 04:00:00,2020-05-02 19:00:00,29212,5,11,16,step,0.0,Band_C_High,2088.5,fission_reactor_fukushima,0.4,0.3,0.0,0.3,0.02427,False,0,0,87,True,0.129856,0.371064,0.094912,0.318819,0.038327,0.039272,0.006667,0.001084,train_strictly_dry
INJ_0223,train,ca_san_diego,"San Diego, CA",2020-03-03 02:00:00,2020-03-03 20:00:00,27770,6,13,19,linear_ramp,3.0,Band_C_High,2276.0,mixed_fission_activation,0.35,0.25,0.2,0.2,0.02163,False,0,0,153,True,0.014242,0.240928,0.232508,0.28572,0.112958,0.105295,0.007392,0.000959,train_strictly_dry
INJ_0224,train,ca_san_diego,"San Diego, CA",2020-05-07 03:00:00,2020-05-07 19:00:00,29331,5,12,17,linear_ramp,2.84,Band_A_Low,434.4,mixed_fission_activation,0.35,0.25,0.2,0.2,0.02335,False,0,0,33,True,0.139332,0.260645,0.159496,0.245166,0.09177,0.090077,0.012375,0.001139,train_strictly_dry
INJ_0225,train,ca_san_diego,"San Diego, CA",2019-08-02 03:00:00,2019-08-02 21:00:00,22635,6,13,19,linear_ramp,3.37,Band_C_High,1947.0,fission_reactor_fukushima,0.4,0.3,0.0,0.3,0.02434,False,0,0,37,True,0.059202,0.427758,0.20597,0.214459,0.040963,0.04252,0.008281,0.000847,train_strictly_dry
INJ_0226,train,ca_san_diego,"San Diego, CA",2017-10-03 01:00:00,2017-10-03 12:00:00,6601,4,8,12,step,0.0,Band_C_High,1679.9,fission_reactor_fukushima,0.4,0.3,0.0,0.3,0.02365,False,0,0,81,True,0.129172,0.382556,0.009984,0.361632,0.066656,0.04338,0.005578,0.001041,train_strictly_dry
INJ_0227,train,ca_san_diego,"San Diego, CA",2017-08-28 19:00:00,2017-08-29 15:00:00,5755,7,14,21,linear_ramp,1.45,Band_C_High,1742.1,fission_pure_cs137,1.0,0.0,0.0,0.0,0.02355,False,0,0,46,True,0.419341,0.044219,0.098675,0.416244,0.010983,0.006257,0.003319,0.000963,train_strictly_dry
INJ_0228,train,ca_san_diego,"San Diego, CA",2018-01-30 16:00:00,2018-01-31 20:00:00,9472,10,19,29,linear_ramp,3.86,Band_C_High,2302.4,fission_reactor_fukushima,0.4,0.3,0.0,0.3,0.02187,False,0,0,25,True,0.097121,0.435706,0.079357,0.263252,0.089315,0.032178,0.002138,0.000933,train_strictly_dry
INJ_0229,train,ca_san_diego,"San Diego, CA",2022-02-17 17:00:00,2022-02-18 20:00:00,44969,9,19,28,linear_ramp,2.79,Band_A_Low,294.5,mixed_fission_activation,0.35,0.25,0.2,0.2,0.02268,False,0,0,69,True,0.103639,0.226435,0.036805,0.332664,0.242055,0.044055,0.013214,0.001131,train_strictly_dry
INJ_0230,train,ca_san_diego,"San Diego, CA",2021-05-27 13:00:00,2021-05-28 12:00:00,38581,8,16,24,linear_ramp,2.85,Band_A_Low,362.9,fission_pure_i131,0.0,1.0,0.0,0.0,0.02274,False,0,0,46,True,0.213283,0.649641,0.044128,0.062058,0.016326,0.0067,0.006871,0.000993,train_strictly_dry
INJ_0231,test,ca_san_diego,"San Diego, CA",2025-03-03 05:00:00,2025-03-04 19:00:00,71597,11,28,39,exponential,1.86,Band_B_Mid,774.6,fission_pure_i131,0.0,1.0,0.0,0.0,0.02428,True,1,1,63,True,0.202108,0.695139,0.045151,0.042491,0.004474,0.006522,0.003267,0.000848,test_standard_rain
INJ_0232,test,ca_san_diego,"San Diego, CA",2024-02-21 13:00:00,2024-02-25 19:00:00,62581,24,79,103,sigmoidal,1.63,Band_B_Mid,776.4,fission_reactor_fukushima,0.4,0.3,0.0,0.3,0.02406,True,1,1,67,True,0.104811,0.240725,0.180614,0.34925,0.068091,0.0464,0.009067,0.001042,test_standard_rain
INJ_0233,test,ca_san_diego,"San Diego, CA",2023-01-10 23:00:00,2023-01-14 20:00:00,52823,24,70,94,exponential,1.82,Band_B_Mid,822.2,activation_orphan_co60,0.0,0.0,1.0,0.0,0.02482,True,1,1,27,True,0.058772,0.226066,0.256148,0.08805,0.073246,0.261326,0.035373,0.001019,test_standard_rain
INJ_0234,test,ca_san_diego,"San Diego, CA",2023-03-16 05:00:00,2023-03-19 19:00:00,54365,24,63,87,sigmoidal,1.63,Band_B_Mid,793.0,mixed_fission_activation,0.35,0.25,0.2,0.2,0.02328,True,0,0,36,True,0.024444,0.242912,0.229878,0.268747,0.160964,0.061093,0.010763,0.001199,test_standard_rain
INJ_0235,test,ca_san_diego,"San Diego, CA",2025-04-28 11:00:00,2025-04-29 16:00:00,72947,7,23,30,exponential,1.34,Band_A_Low (Stress Test),506.2,mixed_fission_activation,0.35,0.25,0.2,0.2,0.02232,True,1,1,210,True,0.111295,0.279991,0.10294,0.158787,0.226129,0.104561,0.014925,0.001371,test_stress_rain
INJ_0236,test,ca_san_diego,"San Diego, CA",2024-05-05 14:00:00,2024-05-06 17:00:00,64358,7,21,28,exponential,1.72,Band_A_Low (Stress Test),521.0,fission_reactor_fukushima,0.4,0.3,0.0,0.3,0.02476,True,0,0,74,True,0.152288,0.322216,0.052331,0.382571,0.062091,0.024884,0.002702,0.000916,test_stress_rain
INJ_0237,test,ca_san_diego,"San Diego, CA",2025-03-15 02:00:00,2025-03-16 18:00:00,71882,12,29,41,exponential,1.79,Band_B_Mid,1136.7,mixed_fission_activation,0.35,0.25,0.2,0.2,0.0234,True,2,2,128,True,0.085796,0.215421,0.177534,0.371405,0.03465,0.093326,0.020725,0.001143,test_standard_rain
INJ_0238,test,ca_san_diego,"San Diego, CA",2024-01-03 17:00:00,2024-01-05 21:00:00,61409,15,38,53,sigmoidal,1.23,Band_B_Mid,912.7,fission_pure_i131,0.0,1.0,0.0,0.0,0.02544,True,2,2,44,True,0.181676,0.64582,0.060718,0.074027,0.024737,0.007005,0.004985,0.001033,test_standard_rain
INJ_0239,test,ca_san_diego,"San Diego, CA",2024-01-11 14:00:00,2024-01-12 20:00:00,61598,7,24,31,exponential,1.54,Band_A_Low (Stress Test),315.5,mixed_fission_activation,0.35,0.25,0.2,0.2,0.02562,True,1,1,64,True,0.257023,0.178124,0.127153,0.218055,0.045967,0.148456,0.023849,0.001373,test_stress_rain
INJ_0240,test,ca_san_diego,"San Diego, CA",2023-03-29 22:00:00,2023-04-05 17:00:00,54694,24,140,164,exponential,2.33,Band_B_Mid,1120.6,fission_pure_cs137,1.0,0.0,0.0,0.0,0.02338,True,4,4,243,True,0.223123,0.103027,0.231143,0.417952,0.013686,0.006089,0.003898,0.001082,test_standard_rain
INJ_0241,test,ca_san_diego,"San Diego, CA",2023-11-30 05:00:00,2023-12-02 19:00:00,60581,18,45,63,exponential,1.67,Band_B_Mid,1191.6,activation_orphan_co60,0.0,0.0,1.0,0.0,0.02454,True,4,3,33,True,0.133555,0.073016,0.113111,0.2469,0.047059,0.357148,0.028133,0.001078,test_standard_rain
INJ_0242,test,ca_san_diego,"San Diego, CA",2024-03-04 14:00:00,2024-03-10 18:00:00,62870,24,125,149,sigmoidal,0.91,Band_B_Mid,1015.4,fission_reactor_fukushima,0.4,0.3,0.0,0.3,0.02552,True,3,0,116,True,0.077568,0.44753,0.056346,0.31764,0.045426,0.046316,0.008156,0.001019,test_standard_rain
INJ_0243,test,ca_san_diego,"San Diego, CA",2024-11-03 04:00:00,2024-11-04 19:00:00,68716,12,28,40,sigmoidal,1.47,Band_B_Mid,766.7,fission_pure_cs137,1.0,0.0,0.0,0.0,0.02136,True,1,1,371,True,0.13294,0.057439,0.327081,0.46192,0.005327,0.007611,0.006639,0.001043,test_standard_rain
INJ_0244,test,ca_san_diego,"San Diego, CA",2023-05-04 08:00:00,2023-05-06 16:00:00,55544,8,49,57,exponential,1.34,Band_A_Low (Stress Test),538.7,activation_orphan_co60,0.0,0.0,1.0,0.0,0.02393,True,1,1,278,True,0.030353,0.033498,0.221326,0.205782,0.170038,0.304781,0.033263,0.000959,test_stress_rain
INJ_0245,test,ca_san_diego,"San Diego, CA",2024-03-24 18:00:00,2024-03-28 13:00:00,63354,8,84,92,sigmoidal,0.63,Band_A_Low (Stress Test),595.3,fission_reactor_fukushima,0.4,0.3,0.0,0.3,0.02415,True,0,0,48,True,0.029661,0.448075,0.033966,0.41395,0.040163,0.029361,0.00383,0.000993,test_stress_rain
INJ_0246,test,ca_san_diego,"San Diego, CA",2025-05-05 00:00:00,2025-05-06 16:00:00,73104,8,33,41,exponential,1.18,Band_A_Low (Stress Test),286.2,fission_pure_i131,0.0,1.0,0.0,0.0,0.02547,True,0,0,128,True,0.117821,0.748061,0.06667,0.038429,0.022535,0.003218,0.002327,0.000938,test_stress_rain
INJ_0247,test,ca_san_diego,"San Diego, CA",2025-03-31 18:00:00,2025-04-04 18:00:00,72282,8,89,97,exponential,1.29,Band_A_Low (Stress Test),299.9,fission_pure_cs137,1.0,0.0,0.0,0.0,0.0244,True,0,0,45,True,0.475541,0.055388,0.076346,0.347531,0.030102,0.008286,0.00558,0.001225,test_stress_rain
INJ_0248,test,ca_san_diego,"San Diego, CA",2023-12-22 08:00:00,2023-12-23 19:00:00,61112,8,28,36,sigmoidal,0.81,Band_A_Low (Stress Test),594.8,fission_pure_cs137,1.0,0.0,0.0,0.0,0.02432,True,2,2,84,True,0.272021,0.149544,0.036814,0.512342,0.014863,0.006534,0.006831,0.001051,test_stress_rain
INJ_0249,test,ca_san_diego,"San Diego, CA",2025-03-07 05:00:00,2025-03-09 18:00:00,71693,8,54,62,sigmoidal,1.21,Band_A_Low (Stress Test),256.0,fission_pure_i131,0.0,1.0,0.0,0.0,0.02304,True,2,2,58,True,0.226319,0.596925,0.070689,0.064902,0.025731,0.008864,0.005659,0.00091,test_stress_rain
INJ_0250,test,ca_san_diego,"San Diego, CA",2025-05-13 11:00:00,2025-05-14 17:00:00,73307,7,24,31,sigmoidal,0.85,Band_A_Low (Stress Test),316.8,activation_orphan_co60,0.0,0.0,1.0,0.0,0.02123,True,1,1,163,True,0.072771,0.04047,0.129251,0.453372,0.111903,0.171122,0.019974,0.001136,test_stress_rain
INJ_0251,test,ca_san_diego,"San Diego, CA",2025-07-12 01:00:00,2025-07-12 11:00:00,74737,3,8,11,exponential,1.15,Band_A_Low (Stress Test),255.0,fission_reactor_fukushima,0.4,0.3,0.0,0.3,0.02572,False,0,0,57,True,0.11316,0.35786,0.125193,0.294718,0.07086,0.030992,0.006201,0.001017,test_stress_strictly_dry
INJ_0252,test,ca_san_diego,"San Diego, CA",2023-11-18 02:00:00,2023-11-18 16:00:00,60290,5,10,15,exponential,1.13,Band_A_Low (Stress Test),301.0,fission_reactor_fukushima,0.4,0.3,0.0,0.3,0.02535,False,0,0,654,True,0.050796,0.363341,0.17538,0.28756,0.059664,0.055469,0.006791,0.000999,test_stress_strictly_dry
INJ_0253,test,ca_san_diego,"San Diego, CA",2025-06-13 20:00:00,2025-06-15 19:00:00,74060,14,34,48,exponential,1.66,Band_B_Mid,1041.5,mixed_fission_activation,0.35,0.25,0.2,0.2,0.02563,False,0,0,1,True,0.13644,0.234923,0.091523,0.342468,0.026368,0.147321,0.019695,0.001261,test_standard_strictly_dry
INJ_0254,test,ca_san_diego,"San Diego, CA",2023-04-10 03:00:00,2023-04-11 18:00:00,54963,12,28,40,exponential,1.15,Band_B_Mid,1019.7,fission_reactor_fukushima,0.4,0.3,0.0,0.3,0.02212,False,0,0,6,True,0.211979,0.239037,0.049987,0.381972,0.078069,0.031525,0.006359,0.001071,test_standard_strictly_dry
INJ_0255,test,ca_san_diego,"San Diego, CA",2024-08-11 05:00:00,2024-08-11 17:00:00,66701,4,9,13,sigmoidal,0.69,Band_A_Low (Stress Test),435.2,mixed_fission_activation,0.35,0.25,0.2,0.2,0.02099,False,0,0,135,True,0.04448,0.278847,0.113392,0.284342,0.144528,0.110804,0.022407,0.001199,test_stress_strictly_dry
INJ_0256,test,ca_san_diego,"San Diego, CA",2024-03-14 07:00:00,2024-03-14 19:00:00,63103,4,9,13,sigmoidal,1.39,Band_A_Low (Stress Test),577.5,fission_pure_i131,0.0,1.0,0.0,0.0,0.02217,False,0,0,85,True,0.153103,0.710518,0.062179,0.04192,0.016424,0.007969,0.006914,0.000973,test_stress_strictly_dry
INJ_0257,test,ca_san_diego,"San Diego, CA",2024-07-05 21:00:00,2024-07-07 20:00:00,65829,14,34,48,sigmoidal,1.19,Band_B_Mid,867.6,mixed_fission_activation,0.35,0.25,0.2,0.2,0.02098,False,0,0,5,True,0.190107,0.215171,0.123907,0.292734,0.047155,0.119163,0.010781,0.000981,test_standard_strictly_dry
INJ_0258,test,ca_san_diego,"San Diego, CA",2023-09-04 04:00:00,2023-09-04 17:00:00,58492,4,10,14,exponential,1.7,Band_A_Low (Stress Test),303.0,activation_orphan_co60,0.0,0.0,1.0,0.0,0.0251,False,0,0,153,True,0.010929,0.032039,0.162641,0.276177,0.170226,0.309835,0.037147,0.001006,test_stress_strictly_dry
INJ_0259,test,ca_san_diego,"San Diego, CA",2024-02-12 09:00:00,2024-02-14 19:00:00,62361,17,42,59,exponential,1.91,Band_B_Mid,882.2,fission_pure_cs137,1.0,0.0,0.0,0.0,0.02407,False,0,0,277,True,0.229605,0.092327,0.12696,0.529465,0.007683,0.007492,0.005578,0.00089,test_standard_strictly_dry
INJ_0260,test,ca_san_diego,"San Diego, CA",2023-07-24 05:00:00,2023-07-24 13:00:00,57485,3,6,9,exponential,1.04,Band_A_Low (Stress Test),449.7,fission_pure_cs137,1.0,0.0,0.0,0.0,0.02368,False,0,0,130,True,0.419231,0.090877,0.031971,0.439039,0.004166,0.009094,0.004618,0.001003,test_stress_strictly_dry
INJ_0261,test,ca_san_diego,"San Diego, CA",2025-07-15 06:00:00,2025-07-15 21:00:00,74814,5,11,16,sigmoidal,1.03,Band_A_Low (Stress Test),300.5,fission_pure_cs137,1.0,0.0,0.0,0.0,0.02549,False,0,0,33,True,0.191841,0.199047,0.092426,0.486692,0.012917,0.008483,0.007566,0.001027,test_stress_strictly_dry
INJ_0262,test,ca_san_diego,"San Diego, CA",2023-02-04 03:00:00,2023-02-05 18:00:00,53403,12,28,40,exponential,1.12,Band_B_Mid,1079.5,activation_orphan_co60,0.0,0.0,1.0,0.0,0.02313,False,0,0,487,True,0.044264,0.389001,0.03789,0.061094,0.097175,0.346273,0.023427,0.000876,test_standard_strictly_dry
INJ_0263,test,ca_san_diego,"San Diego, CA",2025-07-26 20:00:00,2025-07-29 20:00:00,75092,21,52,73,exponential,1.2,Band_B_Mid,918.2,fission_pure_i131,0.0,1.0,0.0,0.0,0.026,False,0,0,3,True,0.231522,0.608828,0.056302,0.079636,0.008437,0.0094,0.00485,0.001024,test_standard_strictly_dry
INJ_0264,test,ca_san_diego,"San Diego, CA",2024-10-18 08:00:00,2024-10-18 17:00:00,68336,3,7,10,exponential,1.3,Band_A_Low (Stress Test),338.3,fission_pure_i131,0.0,1.0,0.0,0.0,0.02362,False,0,0,35,True,0.196373,0.667637,0.045463,0.053121,0.012485,0.014225,0.009611,0.001085,test_stress_strictly_dry
INJ_0265,test,ca_san_diego,"San Diego, CA",2025-07-09 08:00:00,2025-07-09 16:00:00,74672,3,6,9,sigmoidal,0.71,Band_A_Low (Stress Test),259.4,mixed_fission_activation,0.35,0.25,0.2,0.2,0.02124,False,0,0,116,True,0.046111,0.205099,0.084397,0.242331,0.281523,0.121077,0.018395,0.001067,test_stress_strictly_dry
INJ_0266,test,ca_san_diego,"San Diego, CA",2023-07-09 12:00:00,2023-07-11 16:00:00,57132,15,38,53,exponential,2.02,Band_B_Mid,1141.9,fission_reactor_fukushima,0.4,0.3,0.0,0.3,0.026,False,0,0,23,True,0.176583,0.285208,0.141058,0.31715,0.037274,0.035125,0.006619,0.000982,test_standard_strictly_dry
INJ_0267,test,ca_san_diego,"San Diego, CA",2024-09-30 01:00:00,2024-10-02 15:00:00,67897,18,45,63,sigmoidal,1.27,Band_B_Mid,952.7,fission_pure_i131,0.0,1.0,0.0,0.0,0.0235,False,0,0,125,True,0.270438,0.55797,0.054282,0.097508,0.006782,0.007458,0.004549,0.001012,test_standard_strictly_dry
INJ_0268,test,ca_san_diego,"San Diego, CA",2023-06-30 05:00:00,2023-07-02 15:00:00,56909,17,42,59,sigmoidal,1.64,Band_B_Mid,1108.9,activation_orphan_co60,0.0,0.0,1.0,0.0,0.02408,False,0,0,18,True,0.164931,0.022081,0.120939,0.043778,0.262865,0.354266,0.030222,0.000919,test_standard_strictly_dry
INJ_0269,test,ca_san_diego,"San Diego, CA",2023-09-12 11:00:00,2023-09-13 22:00:00,58691,10,26,36,exponential,1.58,Band_B_Mid,1154.8,fission_pure_cs137,1.0,0.0,0.0,0.0,0.02556,False,0,0,106,True,0.425369,0.041728,0.019876,0.485763,0.013674,0.008596,0.004092,0.000901,test_standard_strictly_dry
INJ_0270,test,ca_san_diego,"San Diego, CA",2023-09-07 14:00:00,2023-09-08 01:00:00,58574,4,8,12,exponential,1.74,Band_A_Low (Stress Test),576.2,activation_orphan_co60,0.0,0.0,1.0,0.0,0.02408,False,0,0,69,True,0.004692,0.156236,0.24836,0.098023,0.09398,0.383726,0.014014,0.000968,test_stress_strictly_dry
INJ_0271,train,tx_dallas,"Dallas, TX",2022-09-02 17:00:00,2022-09-04 02:00:00,49697,10,24,34,linear_ramp,3.86,Band_C_High,1771.9,fission_reactor_fukushima,0.4,0.3,0.0,0.3,0.01302,True,1,1,339,True,0.108402,0.338807,0.09106,0.369908,0.053773,0.0279,0.00926,0.000891,train_rain_coincident
INJ_0272,train,tx_dallas,"Dallas, TX",2020-10-28 16:00:00,2020-10-29 16:00:00,33520,7,18,25,linear_ramp,1.82,Band_C_High,2009.9,activation_orphan_co60,0.0,0.0,1.0,0.0,0.01144,True,1,1,143,True,0.127771,0.219251,0.21139,0.039882,0.143119,0.225804,0.031854,0.00093,train_rain_coincident
INJ_0273,train,tx_dallas,"Dallas, TX",2020-03-22 02:00:00,2020-03-25 14:00:00,28226,25,60,85,linear_ramp,3.75,Band_A_Low,367.6,mixed_fission_activation,0.35,0.25,0.2,0.2,0.0121,True,3,3,441,True,0.228318,0.215033,0.168828,0.195202,0.065452,0.110424,0.015774,0.000969,train_rain_coincident
INJ_0274,train,tx_dallas,"Dallas, TX",2017-05-22 07:00:00,2017-05-23 13:00:00,3391,9,22,31,linear_ramp,2.57,Band_A_Low,268.5,fission_pure_i131,0.0,1.0,0.0,0.0,0.01,True,2,2,161,True,0.215103,0.657259,0.055448,0.051081,0.006608,0.009003,0.004515,0.000982,train_rain_coincident
INJ_0275,train,tx_dallas,"Dallas, TX",2017-02-20 08:00:00,2017-02-22 17:00:00,1208,17,41,58,linear_ramp,1.77,Band_A_Low,566.2,fission_pure_i131,0.0,1.0,0.0,0.0,0.01046,True,3,3,86,True,0.222459,0.612487,0.060223,0.074075,0.017215,0.006031,0.006394,0.001115,train_rain_coincident
INJ_0276,train,tx_dallas,"Dallas, TX",2017-04-11 09:00:00,2017-04-13 17:00:00,2409,17,40,57,step,0.0,Band_C_High,1637.3,fission_reactor_fukushima,0.4,0.3,0.0,0.3,0.01399,True,1,1,112,True,0.109334,0.418394,0.020224,0.361462,0.037351,0.046182,0.006191,0.000863,train_rain_coincident
INJ_0277,train,tx_dallas,"Dallas, TX",2020-08-17 03:00:00,2020-08-18 14:00:00,31779,10,26,36,linear_ramp,2.54,Band_C_High,1865.6,fission_pure_cs137,1.0,0.0,0.0,0.0,0.01322,True,2,2,9,True,0.264006,0.043796,0.134613,0.529095,0.01951,0.005877,0.002221,0.000882,train_rain_coincident
INJ_0278,train,tx_dallas,"Dallas, TX",2021-08-02 02:00:00,2021-08-03 15:00:00,40178,11,27,38,step,0.0,Band_C_High,2044.0,activation_orphan_co60,0.0,0.0,1.0,0.0,0.01337,True,6,6,7,True,0.070017,0.100252,0.192959,0.172712,0.132131,0.31322,0.017726,0.000983,train_rain_coincident
INJ_0279,train,tx_dallas,"Dallas, TX",2018-09-22 11:00:00,2018-09-24 13:00:00,15107,15,36,51,linear_ramp,3.51,Band_C_High,2326.7,fission_reactor_fukushima,0.4,0.3,0.0,0.3,0.01414,True,4,4,42,True,0.065885,0.331842,0.189108,0.339655,0.039485,0.029674,0.003376,0.000975,train_rain_coincident
INJ_0280,train,tx_dallas,"Dallas, TX",2018-01-21 23:00:00,2018-01-23 19:00:00,9263,13,32,45,linear_ramp,1.49,Band_C_High,2366.0,fission_pure_cs137,1.0,0.0,0.0,0.0,0.0142,True,2,2,77,True,0.268625,0.066992,0.107147,0.523429,0.0234,0.00761,0.001908,0.000889,train_rain_coincident
INJ_0281,train,tx_dallas,"Dallas, TX",2017-01-16 04:00:00,2017-01-17 13:00:00,364,10,24,34,linear_ramp,1.62,Band_A_Low,526.0,activation_orphan_co60,0.0,0.0,1.0,0.0,0.01187,True,3,3,62,True,0.316843,0.16288,0.096896,0.159028,0.017806,0.226405,0.019141,0.001,train_rain_coincident
INJ_0282,train,tx_dallas,"Dallas, TX",2021-12-29 15:00:00,2021-12-30 17:00:00,43767,8,19,27,linear_ramp,1.1,Band_A_Low,371.9,fission_pure_cs137,1.0,0.0,0.0,0.0,0.01316,True,1,1,72,True,0.035609,0.153164,0.318513,0.465886,0.008262,0.009635,0.0078,0.001131,train_rain_coincident
INJ_0283,train,tx_dallas,"Dallas, TX",2018-09-03 16:00:00,2018-09-05 22:00:00,14656,16,39,55,linear_ramp,3.29,Band_A_Low,456.8,fission_pure_i131,0.0,1.0,0.0,0.0,0.01173,True,1,1,46,True,0.207269,0.614529,0.062803,0.083932,0.017324,0.006644,0.006576,0.000922,train_rain_coincident
INJ_0284,train,tx_dallas,"Dallas, TX",2020-04-29 04:00:00,2020-04-30 17:00:00,29140,11,27,38,linear_ramp,3.9,Band_A_Low,557.1,mixed_fission_activation,0.35,0.25,0.2,0.2,0.01027,True,3,3,60,True,0.180929,0.175465,0.142055,0.296402,0.125177,0.062096,0.016744,0.001132,train_rain_coincident
INJ_0285,train,tx_dallas,"Dallas, TX",2021-08-14 18:00:00,2021-08-16 17:00:00,40482,14,34,48,step,0.0,Band_A_Low,578.8,mixed_fission_activation,0.35,0.25,0.2,0.2,0.0121,True,3,2,26,True,0.039308,0.215275,0.103797,0.345091,0.118679,0.156257,0.020411,0.001182,train_rain_coincident
INJ_0286,train,tx_dallas,"Dallas, TX",2022-06-29 13:00:00,2022-06-30 18:00:00,48133,10,20,30,step,0.0,Band_A_Low,322.3,fission_reactor_fukushima,0.4,0.3,0.0,0.3,0.01331,False,0,0,68,True,0.090341,0.332828,0.075535,0.381741,0.072955,0.042114,0.003493,0.000992,train_strictly_dry
INJ_0287,train,tx_dallas,"Dallas, TX",2020-09-17 10:00:00,2020-09-17 21:00:00,32530,4,8,12,linear_ramp,2.3,Band_A_Low,401.4,fission_pure_cs137,1.0,0.0,0.0,0.0,0.01289,False,0,0,42,True,0.093471,0.326454,0.099326,0.449246,0.019734,0.008054,0.002855,0.00086,train_strictly_dry
INJ_0288,train,tx_dallas,"Dallas, TX",2017-02-28 17:00:00,2017-03-01 16:00:00,1409,8,16,24,linear_ramp,1.64,Band_C_High,1888.8,mixed_fission_activation,0.35,0.25,0.2,0.2,0.01199,False,0,0,144,True,0.064827,0.250837,0.221986,0.261181,0.07804,0.100497,0.021516,0.001116,train_strictly_dry
INJ_0289,train,tx_dallas,"Dallas, TX",2022-12-24 10:00:00,2022-12-25 18:00:00,52402,11,22,33,linear_ramp,1.24,Band_C_High,2286.9,fission_pure_cs137,1.0,0.0,0.0,0.0,0.0125,False,0,0,67,True,0.031054,0.190781,0.282301,0.455482,0.015424,0.013897,0.009829,0.001232,train_strictly_dry
INJ_0290,train,tx_dallas,"Dallas, TX",2019-09-13 19:00:00,2019-09-14 20:00:00,23659,9,17,26,linear_ramp,1.44,Band_A_Low,465.7,fission_pure_i131,0.0,1.0,0.0,0.0,0.01261,False,0,0,216,True,0.220058,0.630767,0.053421,0.053539,0.027239,0.008534,0.005426,0.001017,train_strictly_dry
INJ_0291,train,tx_dallas,"Dallas, TX",2020-01-13 08:00:00,2020-01-14 15:00:00,26576,11,21,32,linear_ramp,3.8,Band_C_High,1832.7,fission_pure_cs137,1.0,0.0,0.0,0.0,0.0127,False,0,0,131,True,0.131635,0.250889,0.128173,0.451571,0.026132,0.00618,0.004328,0.001091,train_strictly_dry
INJ_0292,train,tx_dallas,"Dallas, TX",2017-09-17 06:00:00,2017-09-17 17:00:00,6222,4,8,12,linear_ramp,2.07,Band_C_High,2312.2,mixed_fission_activation,0.35,0.25,0.2,0.2,0.01235,False,0,0,156,True,0.096023,0.244429,0.11241,0.349663,0.082824,0.100159,0.013438,0.001054,train_strictly_dry
INJ_0293,train,tx_dallas,"Dallas, TX",2020-06-10 18:00:00,2020-06-11 16:00:00,30162,8,15,23,step,0.0,Band_A_Low,301.3,fission_reactor_fukushima,0.4,0.3,0.0,0.3,0.01275,False,0,0,50,True,0.055136,0.354133,0.143104,0.333047,0.056459,0.051,0.006074,0.001046,train_strictly_dry
INJ_0294,train,tx_dallas,"Dallas, TX",2020-12-15 14:00:00,2020-12-16 02:00:00,34670,4,9,13,step,0.0,Band_A_Low,277.5,fission_pure_cs137,1.0,0.0,0.0,0.0,0.01152,False,0,0,163,True,0.090903,0.246419,0.123808,0.486682,0.03104,0.008027,0.012049,0.001072,train_strictly_dry
INJ_0295,train,tx_dallas,"Dallas, TX",2019-12-22 13:00:00,2019-12-23 16:00:00,26053,9,19,28,linear_ramp,3.63,Band_C_High,1469.3,activation_orphan_co60,0.0,0.0,1.0,0.0,0.01321,False,0,0,66,True,0.143061,0.090318,0.05307,0.192348,0.155098,0.335228,0.029808,0.001068,train_strictly_dry
INJ_0296,train,tx_dallas,"Dallas, TX",2019-12-08 07:00:00,2019-12-08 17:00:00,25711,4,7,11,step,0.0,Band_A_Low,347.2,mixed_fission_activation,0.35,0.25,0.2,0.2,0.01022,False,0,0,110,True,0.144447,0.20005,0.201002,0.299663,0.061233,0.07673,0.015727,0.001147,train_strictly_dry
INJ_0297,train,tx_dallas,"Dallas, TX",2019-08-09 03:00:00,2019-08-09 16:00:00,22803,4,10,14,step,0.0,Band_A_Low,314.3,fission_reactor_fukushima,0.4,0.3,0.0,0.3,0.01,False,0,0,32,True,0.143632,0.416619,0.075394,0.228249,0.068666,0.06158,0.004866,0.000995,train_strictly_dry
INJ_0298,train,tx_dallas,"Dallas, TX",2017-11-12 14:00:00,2017-11-13 17:00:00,7574,9,19,28,linear_ramp,1.31,Band_C_High,2096.7,fission_pure_i131,0.0,1.0,0.0,0.0,0.01135,False,0,0,48,True,0.175681,0.59671,0.08974,0.088203,0.031949,0.008897,0.007597,0.001223,train_strictly_dry
INJ_0299,train,tx_dallas,"Dallas, TX",2017-12-07 09:00:00,2017-12-08 17:00:00,8169,11,22,33,linear_ramp,2.92,Band_C_High,2169.3,fission_pure_cs137,1.0,0.0,0.0,0.0,0.01303,False,0,0,160,True,0.27718,0.148671,0.074761,0.474809,0.009985,0.009822,0.003687,0.001086,train_strictly_dry
INJ_0300,train,tx_dallas,"Dallas, TX",2022-12-21 06:00:00,2022-12-21 15:00:00,52326,4,6,10,linear_ramp,1.89,Band_A_Low,271.7,fission_reactor_fukushima,0.4,0.3,0.0,0.3,0.01141,False,0,0,60,True,0.04581,0.424446,0.083457,0.316715,0.078795,0.043012,0.006824,0.000941,train_strictly_dry
INJ_0301,train,tx_dallas,"Dallas, TX",2022-03-19 02:00:00,2022-03-19 17:00:00,45674,5,11,16,linear_ramp,2.45,Band_A_Low,364.9,activation_orphan_co60,0.0,0.0,1.0,0.0,0.01131,False,0,0,58,True,0.194101,0.130258,0.053691,0.092035,0.185747,0.321132,0.021983,0.001052,train_strictly_dry
INJ_0302,train,tx_dallas,"Dallas, TX",2022-12-28 03:00:00,2022-12-28 14:00:00,52491,4,8,12,step,0.0,Band_A_Low,413.6,activation_orphan_co60,0.0,0.0,1.0,0.0,0.01223,False,0,0,27,True,0.02254,0.203234,0.221546,0.09655,0.211122,0.214108,0.029896,0.001004,train_strictly_dry
INJ_0303,train,tx_dallas,"Dallas, TX",2022-06-20 11:00:00,2022-06-21 15:00:00,47915,10,19,29,linear_ramp,1.88,Band_C_High,1473.1,fission_reactor_fukushima,0.4,0.3,0.0,0.3,0.01242,False,0,0,66,True,0.11002,0.304812,0.025894,0.451283,0.064531,0.037047,0.005474,0.00094,train_strictly_dry
INJ_0304,train,tx_dallas,"Dallas, TX",2020-11-07 11:00:00,2020-11-08 20:00:00,33755,11,23,34,linear_ramp,2.05,Band_A_Low,317.4,fission_pure_i131,0.0,1.0,0.0,0.0,0.01164,False,0,0,88,True,0.286836,0.516453,0.065953,0.103516,0.012518,0.009835,0.003893,0.000996,train_strictly_dry
INJ_0305,train,tx_dallas,"Dallas, TX",2022-05-20 20:00:00,2022-05-21 19:00:00,47180,8,16,24,linear_ramp,2.42,Band_A_Low,525.7,fission_reactor_fukushima,0.4,0.3,0.0,0.3,0.01366,False,0,0,5,True,0.136246,0.434147,0.044853,0.279336,0.059177,0.042655,0.002588,0.000997,train_strictly_dry
INJ_0306,train,tx_dallas,"Dallas, TX",2020-12-25 08:00:00,2020-12-25 17:00:00,34904,4,6,10,linear_ramp,2.34,Band_A_Low,413.8,activation_orphan_co60,0.0,0.0,1.0,0.0,0.01056,False,0,0,33,True,0.095918,0.320932,0.116477,0.216827,0.034871,0.181322,0.032518,0.001135,train_strictly_dry
INJ_0307,train,tx_dallas,"Dallas, TX",2021-07-29 22:00:00,2021-07-30 14:00:00,40102,5,12,17,linear_ramp,3.2,Band_C_High,2413.7,fission_pure_i131,0.0,1.0,0.0,0.0,0.01141,False,0,0,98,True,0.277409,0.573576,0.052811,0.070157,0.013892,0.009587,0.001712,0.000857,train_strictly_dry
INJ_0308,train,tx_dallas,"Dallas, TX",2022-02-18 19:00:00,2022-02-19 17:00:00,44995,8,15,23,step,0.0,Band_A_Low,296.6,fission_reactor_fukushima,0.4,0.3,0.0,0.3,0.01173,False,0,0,122,True,0.061092,0.542983,0.045121,0.28335,0.032442,0.031635,0.002277,0.001101,train_strictly_dry
INJ_0309,train,tx_dallas,"Dallas, TX",2021-10-23 01:00:00,2021-10-23 16:00:00,42145,5,11,16,step,0.0,Band_C_High,2327.7,fission_pure_i131,0.0,1.0,0.0,0.0,0.01106,False,0,0,35,True,0.187645,0.648523,0.069681,0.06761,0.012802,0.004401,0.008471,0.000867,train_strictly_dry
INJ_0310,train,tx_dallas,"Dallas, TX",2018-11-19 22:00:00,2018-11-20 17:00:00,16510,7,13,20,linear_ramp,2.21,Band_C_High,1993.5,mixed_fission_activation,0.35,0.25,0.2,0.2,0.0121,False,0,0,1353,True,0.22954,0.215059,0.042539,0.340405,0.056913,0.096056,0.018429,0.001059,train_strictly_dry
INJ_0311,train,tx_dallas,"Dallas, TX",2017-05-12 21:00:00,2017-05-13 16:00:00,3165,7,13,20,linear_ramp,3.56,Band_A_Low,281.1,activation_orphan_co60,0.0,0.0,1.0,0.0,0.01458,False,0,0,172,True,0.027493,0.122878,0.172453,0.260125,0.089246,0.284595,0.042322,0.000888,train_strictly_dry
INJ_0312,train,tx_dallas,"Dallas, TX",2017-04-05 18:00:00,2017-04-06 17:00:00,2274,8,16,24,linear_ramp,1.99,Band_C_High,1512.7,fission_pure_i131,0.0,1.0,0.0,0.0,0.01619,False,0,0,239,True,0.215645,0.676864,0.042563,0.039059,0.012944,0.007186,0.004839,0.000901,train_strictly_dry
INJ_0313,train,tx_dallas,"Dallas, TX",2019-12-12 15:00:00,2019-12-13 20:00:00,25815,10,20,30,linear_ramp,3.24,Band_A_Low,539.5,activation_orphan_co60,0.0,0.0,1.0,0.0,0.01368,False,0,0,94,True,0.121988,0.269567,0.176142,0.051533,0.128388,0.229412,0.022009,0.000961,train_strictly_dry
INJ_0314,train,tx_dallas,"Dallas, TX",2019-08-20 02:00:00,2019-08-20 18:00:00,23066,5,12,17,linear_ramp,3.3,Band_A_Low,503.5,mixed_fission_activation,0.35,0.25,0.2,0.2,0.01218,False,0,0,13,True,0.042876,0.189445,0.157339,0.411019,0.047125,0.127703,0.023284,0.001209,train_strictly_dry
INJ_0315,train,tx_dallas,"Dallas, TX",2021-11-23 03:00:00,2021-11-23 17:00:00,42891,5,10,15,linear_ramp,3.05,Band_A_Low,515.1,mixed_fission_activation,0.35,0.25,0.2,0.2,0.01,False,0,0,120,True,0.294383,0.190653,0.042413,0.243497,0.130924,0.083865,0.013283,0.000983,train_strictly_dry
INJ_0316,train,tx_dallas,"Dallas, TX",2020-06-08 03:00:00,2020-06-08 16:00:00,30099,4,10,14,linear_ramp,1.27,Band_C_High,2038.8,fission_pure_i131,0.0,1.0,0.0,0.0,0.01232,False,0,0,131,True,0.229591,0.620176,0.055181,0.049194,0.021098,0.014511,0.009024,0.001225,train_strictly_dry
INJ_0317,train,tx_dallas,"Dallas, TX",2017-11-29 19:00:00,2017-11-30 17:00:00,7987,8,15,23,linear_ramp,3.17,Band_A_Low,439.5,mixed_fission_activation,0.35,0.25,0.2,0.2,0.01133,False,0,0,51,True,0.081132,0.251068,0.173827,0.260748,0.101033,0.104831,0.02613,0.001232,train_strictly_dry
INJ_0318,train,tx_dallas,"Dallas, TX",2017-04-29 17:00:00,2017-04-30 06:00:00,2849,4,10,14,linear_ramp,2.89,Band_C_High,1631.8,fission_pure_cs137,1.0,0.0,0.0,0.0,0.01241,False,0,0,121,True,0.230431,0.111322,0.132405,0.493914,0.021886,0.005698,0.003372,0.000972,train_strictly_dry
INJ_0319,train,tx_dallas,"Dallas, TX",2020-12-19 12:00:00,2020-12-20 18:00:00,34764,10,21,31,step,0.0,Band_C_High,2494.2,activation_orphan_co60,0.0,0.0,1.0,0.0,0.0134,False,0,0,82,True,0.244527,0.070707,0.265977,0.146196,0.049173,0.204721,0.01772,0.000979,train_strictly_dry
INJ_0320,train,tx_dallas,"Dallas, TX",2022-03-31 09:00:00,2022-03-31 18:00:00,45969,4,6,10,linear_ramp,3.57,Band_C_High,2114.6,fission_pure_cs137,1.0,0.0,0.0,0.0,0.012,False,0,0,135,True,0.118058,0.024487,0.493412,0.342464,0.009947,0.007772,0.002922,0.000937,train_strictly_dry
INJ_0321,test,tx_dallas,"Dallas, TX",2023-02-27 06:00:00,2023-02-28 19:00:00,53958,11,27,38,sigmoidal,1.71,Band_B_Mid,870.1,fission_reactor_fukushima,0.4,0.3,0.0,0.3,0.01295,True,2,2,7,True,0.070382,0.329155,0.180565,0.318237,0.056894,0.036989,0.006712,0.001065,test_standard_rain
INJ_0322,test,tx_dallas,"Dallas, TX",2023-05-28 22:00:00,2023-06-01 16:00:00,56134,24,67,91,sigmoidal,1.14,Band_B_Mid,916.2,fission_pure_cs137,1.0,0.0,0.0,0.0,0.01269,True,3,2,310,True,0.354861,0.196474,0.017564,0.407763,0.011717,0.006233,0.004364,0.001024,test_standard_rain
INJ_0323,test,tx_dallas,"Dallas, TX",2023-03-24 12:00:00,2023-03-26 19:00:00,54564,16,40,56,exponential,1.44,Band_B_Mid,893.9,activation_orphan_co60,0.0,0.0,1.0,0.0,0.01173,True,2,2,521,True,0.022054,0.230118,0.211735,0.218556,0.036556,0.26075,0.019224,0.001006,test_standard_rain
INJ_0324,test,tx_dallas,"Dallas, TX",2024-12-28 18:00:00,2024-12-30 21:00:00,70050,15,37,52,exponential,1.39,Band_B_Mid,1151.0,fission_pure_i131,0.0,1.0,0.0,0.0,0.01643,True,1,1,217,True,0.227318,0.637661,0.04572,0.049425,0.023814,0.010647,0.004413,0.001002,test_standard_rain
INJ_0325,test,tx_dallas,"Dallas, TX",2024-07-21 11:00:00,2024-07-23 04:00:00,66203,12,30,42,sigmoidal,0.82,Band_B_Mid,930.9,mixed_fission_activation,0.35,0.25,0.2,0.2,0.01172,True,7,7,18,True,0.100406,0.227157,0.09972,0.178572,0.198186,0.170938,0.023672,0.001347,test_standard_rain
INJ_0326,test,tx_dallas,"Dallas, TX",2024-12-07 22:00:00,2024-12-09 19:00:00,69550,13,33,46,exponential,2.03,Band_B_Mid,1068.3,fission_pure_cs137,1.0,0.0,0.0,0.0,0.01,True,4,4,8,True,0.237508,0.118957,0.029042,0.594922,0.005429,0.007921,0.005302,0.000918,test_standard_rain
INJ_0327,test,tx_dallas,"Dallas, TX",2024-09-04 15:00:00,2024-09-05 19:00:00,67287,7,22,29,exponential,1.51,Band_A_Low (Stress Test),313.4,fission_reactor_fukushima,0.4,0.3,0.0,0.3,0.01299,True,2,2,430,True,0.037894,0.366802,0.114742,0.384184,0.054751,0.037205,0.003479,0.000943,test_stress_rain
INJ_0328,test,tx_dallas,"Dallas, TX",2024-01-27 00:00:00,2024-01-31 18:00:00,61968,24,91,115,exponential,1.85,Band_B_Mid,1198.1,mixed_fission_activation,0.35,0.25,0.2,0.2,0.01,True,8,8,177,True,0.072038,0.253932,0.204261,0.233354,0.0789,0.142271,0.013997,0.001247,test_standard_rain
INJ_0329,test,tx_dallas,"Dallas, TX",2025-01-30 05:00:00,2025-01-31 18:00:00,70829,11,27,38,sigmoidal,0.81,Band_B_Mid,890.0,fission_reactor_fukushima,0.4,0.3,0.0,0.3,0.01289,True,10,10,36,True,0.254112,0.308888,0.103003,0.263429,0.041305,0.025162,0.00316,0.000941,test_standard_rain
INJ_0330,test,tx_dallas,"Dallas, TX",2023-06-21 21:00:00,2023-06-23 20:00:00,56709,14,34,48,exponential,2.15,Band_B_Mid,714.1,activation_orphan_co60,0.0,0.0,1.0,0.0,0.01257,True,1,1,293,True,0.23061,0.082409,0.177335,0.015562,0.1246,0.333307,0.034957,0.001221,test_standard_rain
INJ_0331,test,tx_dallas,"Dallas, TX",2024-08-03 10:00:00,2024-08-06 16:00:00,66514,23,56,79,exponential,1.74,Band_B_Mid,768.5,fission_pure_i131,0.0,1.0,0.0,0.0,0.01399,True,1,1,17,True,0.30854,0.571092,0.061451,0.038566,0.009643,0.003926,0.00577,0.001012,test_standard_rain
INJ_0332,test,tx_dallas,"Dallas, TX",2023-12-15 18:00:00,2023-12-17 18:00:00,60954,8,41,49,exponential,0.99,Band_A_Low (Stress Test),327.2,fission_pure_i131,0.0,1.0,0.0,0.0,0.01395,True,1,1,193,True,0.244191,0.616706,0.065115,0.046183,0.009952,0.010493,0.006361,0.000999,test_stress_rain
INJ_0333,test,tx_dallas,"Dallas, TX",2025-01-10 05:00:00,2025-01-12 20:00:00,70349,8,56,64,exponential,1.14,Band_A_Low (Stress Test),380.1,fission_pure_cs137,1.0,0.0,0.0,0.0,0.01096,True,1,1,248,True,0.381569,0.069941,0.189393,0.335629,0.013964,0.005073,0.003278,0.001152,test_stress_rain
INJ_0334,test,tx_dallas,"Dallas, TX",2023-04-02 21:00:00,2023-04-05 15:00:00,54789,8,59,67,exponential,1.16,Band_A_Low (Stress Test),366.1,fission_pure_i131,0.0,1.0,0.0,0.0,0.01503,True,3,3,170,True,0.148365,0.722554,0.064195,0.04367,0.004449,0.009585,0.006355,0.000828,test_stress_rain
INJ_0335,test,tx_dallas,"Dallas, TX",2023-09-25 00:00:00,2023-09-26 17:00:00,58992,8,34,42,exponential,1.54,Band_A_Low (Stress Test),320.6,activation_orphan_co60,0.0,0.0,1.0,0.0,0.01538,True,2,2,80,True,0.066782,0.030086,0.418293,0.045722,0.093735,0.314234,0.030264,0.000884,test_stress_rain
INJ_0336,test,tx_dallas,"Dallas, TX",2023-01-24 17:00:00,2023-01-26 22:00:00,53153,8,46,54,exponential,1.13,Band_A_Low (Stress Test),540.9,fission_reactor_fukushima,0.4,0.3,0.0,0.3,0.01357,True,6,4,166,True,0.091724,0.390533,0.068515,0.312223,0.072371,0.057649,0.005913,0.001071,test_stress_rain
INJ_0337,test,tx_dallas,"Dallas, TX",2023-05-10 18:00:00,2023-05-16 00:00:00,55698,8,119,127,sigmoidal,0.66,Band_A_Low (Stress Test),563.9,activation_orphan_co60,0.0,0.0,1.0,0.0,0.01277,True,7,4,553,True,0.155755,0.157672,0.07401,0.223576,0.06629,0.290446,0.031287,0.000963,test_stress_rain
INJ_0338,test,tx_dallas,"Dallas, TX",2024-12-18 10:00:00,2024-12-19 17:00:00,69802,8,24,32,exponential,1.49,Band_A_Low (Stress Test),317.1,mixed_fission_activation,0.35,0.25,0.2,0.2,0.01538,True,1,1,136,True,0.100579,0.268729,0.084398,0.297201,0.167055,0.066322,0.01462,0.001096,test_stress_rain
INJ_0339,test,tx_dallas,"Dallas, TX",2024-11-04 20:00:00,2024-11-06 17:00:00,68756,8,38,46,exponential,1.67,Band_A_Low (Stress Test),263.9,fission_pure_cs137,1.0,0.0,0.0,0.0,0.013,True,1,1,23,True,0.137757,0.224665,0.201984,0.402906,0.015631,0.013917,0.002199,0.000943,test_stress_rain
INJ_0340,test,tx_dallas,"Dallas, TX",2024-11-08 23:00:00,2024-11-10 19:00:00,68855,8,37,45,exponential,1.64,Band_A_Low (Stress Test),327.8,mixed_fission_activation,0.35,0.25,0.2,0.2,0.01015,True,2,2,54,True,0.229295,0.220665,0.053755,0.326237,0.052909,0.095062,0.020928,0.001149,test_stress_rain
INJ_0341,test,tx_dallas,"Dallas, TX",2024-09-25 04:00:00,2024-09-25 13:00:00,67780,3,7,10,exponential,1.48,Band_A_Low (Stress Test),402.6,mixed_fission_activation,0.35,0.25,0.2,0.2,0.01311,False,0,0,84,True,0.150347,0.16212,0.25923,0.339015,0.026562,0.046468,0.015117,0.001141,test_stress_strictly_dry
INJ_0342,test,tx_dallas,"Dallas, TX",2023-12-03 22:00:00,2023-12-05 18:00:00,60670,13,32,45,exponential,1.59,Band_B_Mid,1110.3,fission_pure_cs137,1.0,0.0,0.0,0.0,0.01385,False,0,0,2,True,0.211647,0.15023,0.211722,0.397876,0.016755,0.007939,0.002675,0.001156,test_standard_strictly_dry
INJ_0343,test,tx_dallas,"Dallas, TX",2024-05-06 16:00:00,2024-05-09 04:00:00,64384,18,43,61,exponential,1.12,Band_B_Mid,1079.0,fission_pure_cs137,1.0,0.0,0.0,0.0,0.014,False,0,0,576,True,0.126559,0.114392,0.23837,0.499772,0.006058,0.006855,0.006916,0.001078,test_standard_strictly_dry
INJ_0344,test,tx_dallas,"Dallas, TX",2023-07-29 05:00:00,2023-07-29 17:00:00,57605,4,9,13,exponential,0.92,Band_A_Low (Stress Test),527.6,fission_pure_i131,0.0,1.0,0.0,0.0,0.01311,False,0,0,15,True,0.247197,0.622476,0.040937,0.057088,0.020712,0.005759,0.00488,0.000951,test_stress_strictly_dry
INJ_0345,test,tx_dallas,"Dallas, TX",2023-06-08 03:00:00,2023-06-09 16:00:00,56379,11,27,38,exponential,1.9,Band_B_Mid,1006.8,fission_pure_i131,0.0,1.0,0.0,0.0,0.01089,False,0,0,28,True,0.166333,0.708126,0.033089,0.059629,0.020321,0.007406,0.004144,0.000951,test_standard_strictly_dry
INJ_0346,test,tx_dallas,"Dallas, TX",2023-06-03 21:00:00,2023-06-04 04:00:00,56277,3,5,8,exponential,1.4,Band_A_Low (Stress Test),301.5,fission_reactor_fukushima,0.4,0.3,0.0,0.3,0.01286,False,0,0,53,True,0.104844,0.396042,0.211892,0.228877,0.029569,0.021796,0.005944,0.001036,test_stress_strictly_dry
INJ_0347,test,tx_dallas,"Dallas, TX",2024-10-07 17:00:00,2024-10-09 18:00:00,68081,15,35,50,sigmoidal,1.46,Band_B_Mid,1182.4,activation_orphan_co60,0.0,0.0,1.0,0.0,0.01273,False,0,0,46,True,0.022632,0.126677,0.246852,0.309185,0.011832,0.262458,0.019372,0.000991,test_standard_strictly_dry
INJ_0348,test,tx_dallas,"Dallas, TX",2023-07-24 05:00:00,2023-07-25 17:00:00,57485,11,26,37,sigmoidal,1.31,Band_B_Mid,951.0,mixed_fission_activation,0.35,0.25,0.2,0.2,0.01129,False,0,0,13,True,0.239284,0.298826,0.073128,0.225894,0.043749,0.103535,0.014359,0.001226,test_standard_strictly_dry
INJ_0349,test,tx_dallas,"Dallas, TX",2024-11-12 22:00:00,2024-11-14 17:00:00,68950,13,31,44,exponential,1.42,Band_B_Mid,861.1,fission_pure_i131,0.0,1.0,0.0,0.0,0.01314,False,0,0,51,True,0.243006,0.628415,0.070071,0.045054,0.005215,0.004172,0.003018,0.00105,test_standard_strictly_dry
INJ_0350,test,tx_dallas,"Dallas, TX",2023-01-09 21:00:00,2023-01-12 06:00:00,52797,17,41,58,sigmoidal,0.93,Band_B_Mid,1094.5,activation_orphan_co60,0.0,0.0,1.0,0.0,0.01137,False,0,0,99,True,0.06335,0.158065,0.196991,0.1581,0.135926,0.254693,0.031908,0.000965,test_standard_strictly_dry
INJ_0351,test,tx_dallas,"Dallas, TX",2023-04-09 16:00:00,2023-04-12 18:00:00,54952,22,53,75,sigmoidal,1.28,Band_B_Mid,772.5,fission_reactor_fukushima,0.4,0.3,0.0,0.3,0.01063,False,0,0,97,True,0.112163,0.33205,0.06832,0.365177,0.08339,0.03071,0.007166,0.001023,test_standard_strictly_dry
INJ_0352,test,tx_dallas,"Dallas, TX",2024-09-18 08:00:00,2024-09-18 18:00:00,67616,3,8,11,sigmoidal,1.3,Band_A_Low (Stress Test),348.6,activation_orphan_co60,0.0,0.0,1.0,0.0,0.01195,False,0,0,301,True,0.250483,0.149164,0.192616,0.084842,0.076791,0.225261,0.019831,0.001012,test_stress_strictly_dry
INJ_0353,test,tx_dallas,"Dallas, TX",2024-10-22 04:00:00,2024-10-23 18:00:00,68428,11,28,39,exponential,2.03,Band_B_Mid,762.0,fission_reactor_fukushima,0.4,0.3,0.0,0.3,0.01341,False,0,0,32,True,0.051844,0.341956,0.126156,0.325741,0.08689,0.055574,0.010664,0.001176,test_standard_strictly_dry
INJ_0354,test,tx_dallas,"Dallas, TX",2023-01-05 00:00:00,2023-01-05 18:00:00,52680,6,13,19,exponential,1.16,Band_A_Low (Stress Test),599.3,fission_reactor_fukushima,0.4,0.3,0.0,0.3,0.01314,False,0,0,7,True,0.01362,0.297094,0.126602,0.441578,0.074447,0.039772,0.005868,0.00102,test_stress_strictly_dry
INJ_0355,test,tx_dallas,"Dallas, TX",2023-11-22 07:00:00,2023-11-24 20:00:00,60391,18,44,62,sigmoidal,1.26,Band_B_Mid,1146.2,mixed_fission_activation,0.35,0.25,0.2,0.2,0.01326,False,0,0,29,True,0.157083,0.256458,0.169057,0.22397,0.090875,0.083802,0.017681,0.001075,test_standard_strictly_dry
INJ_0356,test,tx_dallas,"Dallas, TX",2024-12-12 10:00:00,2024-12-12 18:00:00,69658,3,6,9,exponential,0.96,Band_A_Low (Stress Test),316.5,fission_pure_i131,0.0,1.0,0.0,0.0,0.01393,False,0,0,35,True,0.249509,0.619746,0.065624,0.037725,0.017198,0.006745,0.002448,0.001006,test_stress_strictly_dry
INJ_0357,test,tx_dallas,"Dallas, TX",2023-01-17 00:00:00,2023-01-17 19:00:00,52968,7,13,20,sigmoidal,0.79,Band_A_Low (Stress Test),313.4,activation_orphan_co60,0.0,0.0,1.0,0.0,0.01161,False,0,0,114,True,0.056138,0.369824,0.187573,0.120744,0.04025,0.210135,0.014298,0.001038,test_stress_strictly_dry
INJ_0358,test,tx_dallas,"Dallas, TX",2023-10-16 02:00:00,2023-10-16 16:00:00,59498,5,10,15,sigmoidal,1.36,Band_A_Low (Stress Test),378.3,fission_pure_cs137,1.0,0.0,0.0,0.0,0.01185,False,0,0,52,True,0.103736,0.305251,0.148753,0.408239,0.021621,0.005096,0.00626,0.001044,test_stress_strictly_dry
INJ_0359,test,tx_dallas,"Dallas, TX",2024-10-17 02:00:00,2024-10-17 17:00:00,68306,5,11,16,sigmoidal,1.35,Band_A_Low (Stress Test),455.7,fission_pure_cs137,1.0,0.0,0.0,0.0,0.01251,False,0,0,31,True,0.149341,0.148005,0.209847,0.463568,0.018807,0.004579,0.00491,0.000942,test_stress_strictly_dry
INJ_0360,test,tx_dallas,"Dallas, TX",2024-11-23 04:00:00,2024-11-23 18:00:00,69196,5,10,15,sigmoidal,0.94,Band_A_Low (Stress Test),463.2,mixed_fission_activation,0.35,0.25,0.2,0.2,0.01157,False,0,0,35,True,0.162511,0.240546,0.269438,0.189206,0.011742,0.109764,0.015751,0.001042,test_stress_strictly_dry
INJ_0361,train,fl_tampa,"Tampa, FL",2017-07-20 17:00:00,2017-07-21 18:00:00,4817,7,19,26,step,0.0,Band_A_Low,476.4,fission_reactor_fukushima,0.4,0.3,0.0,0.3,0.01115,True,2,2,98,True,0.186701,0.302744,0.229027,0.195724,0.029147,0.048544,0.007058,0.001054,train_rain_coincident
INJ_0362,train,fl_tampa,"Tampa, FL",2019-02-10 11:00:00,2019-02-11 17:00:00,18491,9,22,31,linear_ramp,1.67,Band_C_High,1967.2,activation_orphan_co60,0.0,0.0,1.0,0.0,0.01305,True,1,1,42,True,0.250554,0.174428,0.057474,0.154688,0.034937,0.304364,0.022545,0.001009,train_rain_coincident
INJ_0363,train,fl_tampa,"Tampa, FL",2022-06-04 12:00:00,2022-06-07 16:00:00,47532,23,54,77,linear_ramp,3.53,Band_C_High,1637.0,fission_pure_i131,0.0,1.0,0.0,0.0,0.01215,True,2,2,119,True,0.194444,0.675285,0.043662,0.05053,0.021762,0.006303,0.007107,0.000908,train_rain_coincident
INJ_0364,train,fl_tampa,"Tampa, FL",2020-10-30 00:00:00,2020-11-01 17:00:00,33552,19,47,66,step,0.0,Band_A_Low,419.1,mixed_fission_activation,0.35,0.25,0.2,0.2,0.0101,True,1,1,298,True,0.061303,0.186183,0.159389,0.368347,0.086747,0.121796,0.015118,0.001117,train_rain_coincident
INJ_0365,train,fl_tampa,"Tampa, FL",2019-04-05 11:00:00,2019-04-06 15:00:00,19787,8,21,29,step,0.0,Band_C_High,2125.4,mixed_fission_activation,0.35,0.25,0.2,0.2,0.0125,True,1,1,115,True,0.068203,0.267293,0.020419,0.28862,0.190813,0.141427,0.021903,0.001322,train_rain_coincident
INJ_0366,train,fl_tampa,"Tampa, FL",2021-06-09 02:00:00,2021-06-10 14:00:00,38882,11,26,37,linear_ramp,2.72,Band_C_High,2120.6,mixed_fission_activation,0.35,0.25,0.2,0.2,0.0121,True,1,1,9,True,0.094434,0.21931,0.183972,0.287498,0.092991,0.109466,0.011401,0.000928,train_rain_coincident
INJ_0367,train,fl_tampa,"Tampa, FL",2021-09-15 01:00:00,2021-09-16 16:00:00,41233,12,28,40,linear_ramp,3.82,Band_A_Low,554.8,activation_orphan_co60,0.0,0.0,1.0,0.0,0.01417,True,1,1,80,True,0.021709,0.105636,0.261753,0.036854,0.232897,0.312927,0.027213,0.001011,train_rain_coincident
INJ_0368,train,fl_tampa,"Tampa, FL",2021-01-15 23:00:00,2021-01-17 21:00:00,35423,14,33,47,step,0.0,Band_C_High,2014.7,fission_pure_i131,0.0,1.0,0.0,0.0,0.01321,True,2,2,7,True,0.283971,0.537844,0.095396,0.056413,0.014649,0.008088,0.002701,0.000938,train_rain_coincident
INJ_0369,train,fl_tampa,"Tampa, FL",2017-02-18 19:00:00,2017-02-21 01:00:00,1171,16,39,55,linear_ramp,2.5,Band_C_High,1701.8,fission_reactor_fukushima,0.4,0.3,0.0,0.3,0.01,True,1,1,20,True,0.089683,0.365966,0.104775,0.335491,0.058222,0.0419,0.002945,0.001017,train_rain_coincident
INJ_0370,train,fl_tampa,"Tampa, FL",2022-11-11 17:00:00,2022-11-15 11:00:00,51377,27,64,91,linear_ramp,1.46,Band_A_Low,432.4,fission_reactor_fukushima,0.4,0.3,0.0,0.3,0.01089,True,3,3,390,True,0.067142,0.359947,0.13156,0.347163,0.06707,0.023584,0.002512,0.001023,train_rain_coincident
INJ_0371,train,fl_tampa,"Tampa, FL",2017-08-06 23:00:00,2017-08-08 14:00:00,5231,12,28,40,linear_ramp,2.83,Band_C_High,1538.6,fission_pure_cs137,1.0,0.0,0.0,0.0,0.01333,True,1,1,31,True,0.364825,0.044693,0.089207,0.466437,0.020439,0.011189,0.00219,0.001021,train_rain_coincident
INJ_0372,train,fl_tampa,"Tampa, FL",2022-07-15 04:00:00,2022-07-16 15:00:00,48508,10,26,36,step,0.0,Band_C_High,1624.2,activation_orphan_co60,0.0,0.0,1.0,0.0,0.01068,True,1,1,11,True,0.122272,0.329272,0.053247,0.050002,0.065276,0.347883,0.031047,0.000999,train_rain_coincident
INJ_0373,train,fl_tampa,"Tampa, FL",2020-09-03 05:00:00,2020-09-04 16:00:00,32189,10,26,36,linear_ramp,2.25,Band_A_Low,359.2,fission_pure_i131,0.0,1.0,0.0,0.0,0.0103,True,1,1,13,True,0.231593,0.603758,0.073421,0.046765,0.025733,0.00964,0.008092,0.000997,train_rain_coincident
INJ_0374,train,fl_tampa,"Tampa, FL",2017-07-23 20:00:00,2017-07-25 14:00:00,4892,12,31,43,linear_ramp,3.41,Band_A_Low,591.2,fission_pure_cs137,1.0,0.0,0.0,0.0,0.01131,True,1,1,50,True,0.203839,0.07163,0.344263,0.340337,0.023051,0.009882,0.005971,0.001028,train_rain_coincident
INJ_0375,train,fl_tampa,"Tampa, FL",2022-07-01 02:00:00,2022-07-02 15:00:00,48170,11,27,38,step,0.0,Band_A_Low,582.9,fission_pure_cs137,1.0,0.0,0.0,0.0,0.01326,True,2,2,84,True,0.263254,0.091352,0.013763,0.591101,0.025583,0.006002,0.007869,0.001075,train_rain_coincident
INJ_0376,train,fl_tampa,"Tampa, FL",2020-12-16 01:00:00,2020-12-16 18:00:00,34681,6,12,18,step,0.0,Band_A_Low,426.3,fission_pure_cs137,1.0,0.0,0.0,0.0,0.01234,False,0,0,56,True,0.058789,0.068839,0.402284,0.43813,0.01619,0.012697,0.002007,0.001064,train_strictly_dry
INJ_0377,train,fl_tampa,"Tampa, FL",2017-03-05 05:00:00,2017-03-06 14:00:00,1517,11,23,34,linear_ramp,2.99,Band_A_Low,579.0,fission_reactor_fukushima,0.4,0.3,0.0,0.3,0.01411,False,0,0,112,True,0.203534,0.286043,0.07675,0.307972,0.088542,0.033023,0.003153,0.000985,train_strictly_dry
INJ_0378,train,fl_tampa,"Tampa, FL",2017-07-02 07:00:00,2017-07-02 16:00:00,4375,4,6,10,step,0.0,Band_A_Low,265.6,fission_pure_cs137,1.0,0.0,0.0,0.0,0.01081,False,0,0,41,True,0.211637,0.303813,0.022609,0.432873,0.018152,0.007035,0.002812,0.001071,train_strictly_dry
INJ_0379,train,fl_tampa,"Tampa, FL",2017-03-17 07:00:00,2017-03-18 17:00:00,1807,12,23,35,linear_ramp,3.61,Band_A_Low,589.2,activation_orphan_co60,0.0,0.0,1.0,0.0,0.01203,False,0,0,111,True,0.162505,0.243115,0.113036,0.167602,0.029297,0.257411,0.026069,0.000965,train_strictly_dry
INJ_0380,train,fl_tampa,"Tampa, FL",2022-04-17 07:00:00,2022-04-18 13:00:00,46375,10,21,31,linear_ramp,3.78,Band_A_Low,320.7,fission_reactor_fukushima,0.4,0.3,0.0,0.3,0.01508,False,0,0,1816,True,0.250095,0.307163,0.036956,0.321259,0.047272,0.032811,0.003536,0.000907,train_strictly_dry
INJ_0381,train,fl_tampa,"Tampa, FL",2019-03-30 12:00:00,2019-03-31 16:00:00,19644,10,19,29,step,0.0,Band_C_High,2069.4,activation_orphan_co60,0.0,0.0,1.0,0.0,0.01233,False,0,0,140,True,0.075744,0.07624,0.271162,0.216846,0.068928,0.271282,0.018864,0.000933,train_strictly_dry
INJ_0382,train,fl_tampa,"Tampa, FL",2022-05-21 15:00:00,2022-05-22 14:00:00,47199,8,16,24,step,0.0,Band_A_Low,345.0,activation_orphan_co60,0.0,0.0,1.0,0.0,0.0107,False,0,0,49,True,0.089871,0.321382,0.015124,0.198867,0.057169,0.287981,0.028553,0.001052,train_strictly_dry
INJ_0383,train,fl_tampa,"Tampa, FL",2017-01-01 05:00:00,2017-01-01 16:00:00,5,4,8,12,linear_ramp,1.18,Band_A_Low,574.0,fission_reactor_fukushima,0.4,0.3,0.0,0.3,0.01212,False,0,0,5,True,0.164427,0.355884,0.075153,0.273757,0.066483,0.056804,0.006436,0.001055,train_strictly_dry
INJ_0384,train,fl_tampa,"Tampa, FL",2018-03-17 02:00:00,2018-03-17 18:00:00,10562,5,12,17,linear_ramp,1.76,Band_A_Low,322.0,fission_pure_cs137,1.0,0.0,0.0,0.0,0.01,False,0,0,11,True,0.328024,0.163632,0.077604,0.406913,0.017185,0.003697,0.002061,0.000884,train_strictly_dry
INJ_0385,train,fl_tampa,"Tampa, FL",2022-05-29 11:00:00,2022-05-30 13:00:00,47387,9,18,27,step,0.0,Band_C_High,1903.1,fission_reactor_fukushima,0.4,0.3,0.0,0.3,0.01319,False,0,0,165,True,0.051604,0.410994,0.183161,0.249232,0.043961,0.056458,0.003639,0.000951,train_strictly_dry
INJ_0386,train,fl_tampa,"Tampa, FL",2021-08-25 05:00:00,2021-08-25 14:00:00,40733,4,6,10,step,0.0,Band_A_Low,513.2,fission_pure_cs137,1.0,0.0,0.0,0.0,0.0115,False,0,0,62,True,0.06342,0.05908,0.326014,0.532557,0.006183,0.007231,0.004665,0.00085,train_strictly_dry
INJ_0387,train,fl_tampa,"Tampa, FL",2018-01-11 09:00:00,2018-01-11 18:00:00,9009,4,6,10,linear_ramp,2.8,Band_A_Low,391.2,fission_pure_cs137,1.0,0.0,0.0,0.0,0.01385,False,0,0,360,True,0.068281,0.354123,0.08374,0.444987,0.029942,0.010486,0.007365,0.001074,train_strictly_dry
INJ_0388,train,fl_tampa,"Tampa, FL",2020-11-25 18:00:00,2020-11-26 16:00:00,34194,8,15,23,linear_ramp,1.32,Band_A_Low,345.1,activation_orphan_co60,0.0,0.0,1.0,0.0,0.01411,False,0,0,577,True,0.20146,0.176266,0.064298,0.280356,0.035235,0.210883,0.030472,0.001031,train_strictly_dry
INJ_0389,train,fl_tampa,"Tampa, FL",2019-07-30 08:00:00,2019-07-30 20:00:00,22568,4,9,13,linear_ramp,2.53,Band_C_High,2392.0,fission_pure_i131,0.0,1.0,0.0,0.0,0.01332,False,0,0,379,True,0.159601,0.669493,0.062434,0.079627,0.011994,0.010525,0.005127,0.001199,train_strictly_dry
INJ_0390,train,fl_tampa,"Tampa, FL",2017-05-31 01:00:00,2017-05-31 10:00:00,3601,4,6,10,step,0.0,Band_A_Low,549.2,mixed_fission_activation,0.35,0.25,0.2,0.2,0.01155,False,0,0,81,True,0.028339,0.182118,0.065949,0.304939,0.336458,0.064055,0.017114,0.001028,train_strictly_dry
INJ_0391,train,fl_tampa,"Tampa, FL",2019-03-09 05:00:00,2019-03-09 17:00:00,19133,4,9,13,linear_ramp,3.99,Band_A_Low,445.3,fission_pure_i131,0.0,1.0,0.0,0.0,0.01153,False,0,0,179,True,0.275961,0.578255,0.035343,0.07912,0.01946,0.005998,0.004806,0.001057,train_strictly_dry
INJ_0392,train,fl_tampa,"Tampa, FL",2020-08-27 14:00:00,2020-08-28 15:00:00,32030,9,17,26,step,0.0,Band_A_Low,437.4,fission_pure_i131,0.0,1.0,0.0,0.0,0.01249,False,0,0,333,True,0.261609,0.574883,0.050851,0.078461,0.017544,0.009713,0.006074,0.000865,train_strictly_dry
INJ_0393,train,fl_tampa,"Tampa, FL",2020-03-12 06:00:00,2020-03-13 15:00:00,27990,11,23,34,linear_ramp,3.21,Band_C_High,1946.5,mixed_fission_activation,0.35,0.25,0.2,0.2,0.01103,False,0,0,14,True,0.082368,0.258774,0.107889,0.198975,0.251108,0.088196,0.011683,0.001007,train_strictly_dry
INJ_0394,train,fl_tampa,"Tampa, FL",2018-11-19 13:00:00,2018-11-20 18:00:00,16501,10,20,30,step,0.0,Band_A_Low,416.9,fission_pure_i131,0.0,1.0,0.0,0.0,0.01,False,0,0,285,True,0.128887,0.732753,0.040818,0.063483,0.015675,0.011144,0.006264,0.000975,train_strictly_dry
INJ_0395,train,fl_tampa,"Tampa, FL",2022-05-12 19:00:00,2022-05-13 17:00:00,46987,8,15,23,step,0.0,Band_A_Low,439.8,mixed_fission_activation,0.35,0.25,0.2,0.2,0.01065,False,0,0,387,True,0.146906,0.256837,0.045951,0.317506,0.131513,0.084645,0.015514,0.001129,train_strictly_dry
INJ_0396,train,fl_tampa,"Tampa, FL",2017-07-15 22:00:00,2017-07-16 15:00:00,4702,6,12,18,linear_ramp,2.47,Band_C_High,1782.9,fission_pure_cs137,1.0,0.0,0.0,0.0,0.01259,False,0,0,271,True,0.290836,0.073145,0.140218,0.476266,0.012344,0.003982,0.002293,0.000916,train_strictly_dry
INJ_0397,train,fl_tampa,"Tampa, FL",2018-02-01 06:00:00,2018-02-01 15:00:00,9510,4,6,10,linear_ramp,2.55,Band_C_High,1715.4,activation_orphan_co60,0.0,0.0,1.0,0.0,0.01169,False,0,0,85,True,0.024402,0.350962,0.140473,0.090653,0.026583,0.335901,0.030115,0.000911,train_strictly_dry
INJ_0398,train,fl_tampa,"Tampa, FL",2019-07-14 04:00:00,2019-07-14 13:00:00,22180,4,6,10,step,0.0,Band_A_Low,340.1,fission_pure_cs137,1.0,0.0,0.0,0.0,0.01082,False,0,0,183,True,0.205889,0.153556,0.100679,0.508331,0.020708,0.004638,0.00524,0.00096,train_strictly_dry
INJ_0399,train,fl_tampa,"Tampa, FL",2021-07-27 05:00:00,2021-07-27 14:00:00,40037,4,6,10,step,0.0,Band_C_High,2405.7,fission_pure_i131,0.0,1.0,0.0,0.0,0.01118,False,0,0,353,True,0.184408,0.644702,0.088334,0.05626,0.00617,0.013562,0.005541,0.001022,train_strictly_dry
INJ_0400,train,fl_tampa,"Tampa, FL",2018-02-13 06:00:00,2018-02-13 15:00:00,9798,4,6,10,linear_ramp,3.2,Band_C_High,1777.1,activation_orphan_co60,0.0,0.0,1.0,0.0,0.01114,False,0,0,62,True,0.139484,0.161155,0.130593,0.121401,0.123315,0.289358,0.0337,0.000994,train_strictly_dry
INJ_0401,train,fl_tampa,"Tampa, FL",2018-07-10 07:00:00,2018-07-11 14:00:00,13327,11,21,32,step,0.0,Band_C_High,2273.1,fission_pure_i131,0.0,1.0,0.0,0.0,0.01182,False,0,0,42,True,0.302155,0.565025,0.051929,0.060005,0.004982,0.009301,0.005615,0.000988,train_strictly_dry
INJ_0402,train,fl_tampa,"Tampa, FL",2020-04-28 06:00:00,2020-04-29 16:00:00,29118,12,23,35,linear_ramp,3.07,Band_A_Low,576.0,mixed_fission_activation,0.35,0.25,0.2,0.2,0.01183,False,0,0,234,True,0.095549,0.197357,0.150027,0.380149,0.055716,0.101258,0.018687,0.001258,train_strictly_dry
INJ_0403,train,fl_tampa,"Tampa, FL",2020-12-10 20:00:00,2020-12-11 15:00:00,34556,7,13,20,linear_ramp,3.09,Band_C_High,1778.4,fission_reactor_fukushima,0.4,0.3,0.0,0.3,0.01598,False,0,0,147,True,0.069521,0.409804,0.158035,0.281117,0.05254,0.023345,0.004721,0.000917,train_strictly_dry
INJ_0404,train,fl_tampa,"Tampa, FL",2021-10-15 21:00:00,2021-10-16 17:00:00,41973,7,14,21,step,0.0,Band_C_High,1740.0,mixed_fission_activation,0.35,0.25,0.2,0.2,0.0111,False,0,0,130,True,0.222733,0.198552,0.141474,0.244448,0.025879,0.149089,0.016692,0.001133,train_strictly_dry
INJ_0405,train,fl_tampa,"Tampa, FL",2020-01-12 03:00:00,2020-01-12 13:00:00,26547,4,7,11,linear_ramp,3.24,Band_C_High,1454.7,mixed_fission_activation,0.35,0.25,0.2,0.2,0.01323,False,0,0,110,True,0.120079,0.186397,0.123619,0.341287,0.120145,0.093561,0.013832,0.001081,train_strictly_dry
INJ_0406,train,fl_tampa,"Tampa, FL",2020-01-02 07:00:00,2020-01-02 17:00:00,26311,4,7,11,linear_ramp,2.13,Band_C_High,1967.3,mixed_fission_activation,0.35,0.25,0.2,0.2,0.01272,False,0,0,400,True,0.144869,0.266291,0.123185,0.273018,0.100133,0.07656,0.014776,0.001169,train_strictly_dry
INJ_0407,train,fl_tampa,"Tampa, FL",2021-12-25 08:00:00,2021-12-25 17:00:00,43664,4,6,10,linear_ramp,3.16,Band_C_High,2053.0,activation_orphan_co60,0.0,0.0,1.0,0.0,0.01115,False,0,0,185,True,0.038407,0.219568,0.07567,0.359659,0.12123,0.159315,0.025121,0.00103,train_strictly_dry
INJ_0408,train,fl_tampa,"Tampa, FL",2019-12-05 18:00:00,2019-12-06 19:00:00,25650,9,17,26,linear_ramp,2.06,Band_A_Low,482.9,fission_reactor_fukushima,0.4,0.3,0.0,0.3,0.01158,False,0,0,120,True,0.173188,0.353602,0.04879,0.282588,0.073137,0.05877,0.008957,0.000969,train_strictly_dry
INJ_0409,train,fl_tampa,"Tampa, FL",2020-02-04 01:00:00,2020-02-04 15:00:00,27097,5,10,15,step,0.0,Band_A_Low,532.0,fission_pure_i131,0.0,1.0,0.0,0.0,0.01,False,0,0,125,True,0.291431,0.415494,0.089749,0.159737,0.023904,0.009995,0.008353,0.001338,train_strictly_dry
INJ_0410,train,fl_tampa,"Tampa, FL",2020-09-24 01:00:00,2020-09-24 16:00:00,32689,5,11,16,linear_ramp,1.28,Band_A_Low,436.6,fission_reactor_fukushima,0.4,0.3,0.0,0.3,0.01076,False,0,0,465,True,0.202154,0.333778,0.089687,0.285901,0.033615,0.048882,0.005048,0.000935,train_strictly_dry
INJ_0411,test,fl_tampa,"Tampa, FL",2024-06-29 19:00:00,2024-07-02 15:00:00,65683,20,49,69,sigmoidal,0.83,Band_B_Mid,1067.6,fission_reactor_fukushima,0.4,0.3,0.0,0.3,0.01316,True,3,1,580,True,0.046603,0.512076,0.031498,0.31778,0.054578,0.034647,0.001885,0.000934,test_standard_rain
INJ_0412,test,fl_tampa,"Tampa, FL",2023-03-18 22:00:00,2023-03-24 16:00:00,54430,24,115,139,sigmoidal,1.34,Band_B_Mid,952.6,mixed_fission_activation,0.35,0.25,0.2,0.2,0.01028,True,1,1,150,True,0.097144,0.30948,0.17863,0.198155,0.090789,0.103116,0.021606,0.001079,test_standard_rain
INJ_0413,test,fl_tampa,"Tampa, FL",2024-09-19 12:00:00,2024-09-20 15:00:00,67644,7,21,28,exponential,1.29,Band_A_Low (Stress Test),584.8,fission_reactor_fukushima,0.4,0.3,0.0,0.3,0.01342,True,1,1,20,True,0.022541,0.355909,0.051215,0.439332,0.088328,0.036307,0.005405,0.000964,test_stress_rain
INJ_0414,test,fl_tampa,"Tampa, FL",2023-07-31 23:00:00,2023-08-05 01:00:00,57671,24,75,99,sigmoidal,1.72,Band_B_Mid,712.1,fission_pure_i131,0.0,1.0,0.0,0.0,0.01137,True,4,2,35,True,0.248525,0.616767,0.073008,0.03378,0.018943,0.00558,0.002472,0.000925,test_standard_rain
INJ_0415,test,fl_tampa,"Tampa, FL",2023-09-20 20:00:00,2023-09-22 04:00:00,58892,8,25,33,sigmoidal,0.75,Band_A_Low (Stress Test),312.0,mixed_fission_activation,0.35,0.25,0.2,0.2,0.01156,True,1,1,124,True,0.20946,0.242494,0.065873,0.358305,0.032602,0.072607,0.017624,0.001035,test_stress_rain
INJ_0416,test,fl_tampa,"Tampa, FL",2025-03-05 18:00:00,2025-03-08 17:00:00,71658,21,51,72,sigmoidal,1.1,Band_B_Mid,935.2,activation_orphan_co60,0.0,0.0,1.0,0.0,0.01,True,1,1,26,True,0.164955,0.08494,0.214501,0.150219,0.071721,0.283109,0.029542,0.001014,test_standard_rain
INJ_0417,test,fl_tampa,"Tampa, FL",2025-02-01 11:00:00,2025-02-03 20:00:00,70883,17,41,58,sigmoidal,1.35,Band_B_Mid,1019.9,fission_pure_cs137,1.0,0.0,0.0,0.0,0.01115,True,2,2,39,True,0.137005,0.318239,0.117447,0.387139,0.020042,0.010528,0.008512,0.001087,test_standard_rain
INJ_0418,test,fl_tampa,"Tampa, FL",2024-12-11 17:00:00,2024-12-13 17:00:00,69641,14,35,49,sigmoidal,0.96,Band_B_Mid,885.9,fission_pure_i131,0.0,1.0,0.0,0.0,0.01187,True,1,1,57,True,0.147947,0.705403,0.061596,0.062095,0.01123,0.007319,0.003402,0.001008,test_standard_rain
INJ_0419,test,fl_tampa,"Tampa, FL",2025-01-21 23:00:00,2025-01-27 17:00:00,70631,24,115,139,exponential,2.42,Band_B_Mid,1138.2,fission_pure_cs137,1.0,0.0,0.0,0.0,0.01118,True,8,7,77,True,0.229402,0.149817,0.003674,0.588926,0.012953,0.009467,0.004695,0.001066,test_standard_rain
INJ_0420,test,fl_tampa,"Tampa, FL",2024-02-24 00:00:00,2024-02-26 16:00:00,62640,19,46,65,exponential,1.91,Band_B_Mid,1125.4,mixed_fission_activation,0.35,0.25,0.2,0.2,0.0108,True,1,1,174,True,0.017032,0.201562,0.080647,0.328904,0.221869,0.133424,0.015624,0.000939,test_standard_rain
INJ_0421,test,fl_tampa,"Tampa, FL",2024-04-11 18:00:00,2024-04-15 18:00:00,63786,24,73,97,exponential,2.46,Band_B_Mid,845.7,fission_reactor_fukushima,0.4,0.3,0.0,0.3,0.01,True,1,1,51,True,0.185213,0.381065,0.011867,0.321296,0.046284,0.048245,0.005034,0.000995,test_standard_rain
INJ_0422,test,fl_tampa,"Tampa, FL",2025-03-30 09:00:00,2025-04-02 13:00:00,72249,23,54,77,exponential,2.38,Band_B_Mid,1020.9,activation_orphan_co60,0.0,0.0,1.0,0.0,0.01358,True,1,1,18,True,0.056157,0.087481,0.214605,0.027781,0.286686,0.308754,0.017411,0.001125,test_standard_rain
INJ_0423,test,fl_tampa,"Tampa, FL",2023-08-17 04:00:00,2023-08-19 16:00:00,58060,8,53,61,exponential,0.98,Band_A_Low (Stress Test),411.2,activation_orphan_co60,0.0,0.0,1.0,0.0,0.01,True,5,3,109,True,0.112147,0.158138,0.239842,0.141313,0.013146,0.308395,0.025932,0.001086,test_stress_rain
INJ_0424,test,fl_tampa,"Tampa, FL",2023-07-03 20:00:00,2023-07-05 15:00:00,56996,8,36,44,sigmoidal,0.9,Band_A_Low (Stress Test),347.6,fission_pure_i131,0.0,1.0,0.0,0.0,0.01124,True,2,2,29,True,0.199172,0.632379,0.062306,0.068722,0.017726,0.010799,0.007692,0.001205,test_stress_rain
INJ_0425,test,fl_tampa,"Tampa, FL",2024-06-03 22:00:00,2024-06-05 15:00:00,65062,8,34,42,sigmoidal,0.78,Band_A_Low (Stress Test),554.6,fission_pure_cs137,1.0,0.0,0.0,0.0,0.01099,True,3,3,7,True,0.192153,0.239382,0.064674,0.476986,0.016811,0.0048,0.004227,0.000967,test_stress_rain
INJ_0426,test,fl_tampa,"Tampa, FL",2025-03-16 23:00:00,2025-03-19 09:00:00,71927,8,51,59,sigmoidal,0.61,Band_A_Low (Stress Test),472.0,fission_pure_cs137,1.0,0.0,0.0,0.0,0.01131,True,1,1,103,True,0.166944,0.091732,0.18232,0.521152,0.027028,0.005593,0.004073,0.001157,test_stress_rain
INJ_0427,test,fl_tampa,"Tampa, FL",2023-05-06 21:00:00,2023-05-11 16:00:00,55605,8,108,116,exponential,1.66,Band_A_Low (Stress Test),368.0,fission_pure_i131,0.0,1.0,0.0,0.0,0.01154,True,2,2,6,True,0.224574,0.631054,0.04608,0.07385,0.009081,0.008522,0.0058,0.001039,test_stress_rain
INJ_0428,test,fl_tampa,"Tampa, FL",2024-07-06 20:00:00,2024-07-10 11:00:00,65852,8,80,88,exponential,1.29,Band_A_Low (Stress Test),488.7,fission_reactor_fukushima,0.4,0.3,0.0,0.3,0.01069,True,2,1,101,True,0.11668,0.348893,0.109226,0.284966,0.094712,0.041624,0.002881,0.001018,test_stress_rain
INJ_0429,test,fl_tampa,"Tampa, FL",2023-04-17 03:00:00,2023-04-22 15:00:00,55131,8,125,133,sigmoidal,0.66,Band_A_Low (Stress Test),405.8,activation_orphan_co60,0.0,0.0,1.0,0.0,0.01206,True,3,3,10,True,0.210935,0.056429,0.051546,0.226383,0.112404,0.322839,0.018397,0.001068,test_stress_rain
INJ_0430,test,fl_tampa,"Tampa, FL",2024-05-03 00:00:00,2024-05-04 16:00:00,64296,8,33,41,exponential,1.27,Band_A_Low (Stress Test),482.0,mixed_fission_activation,0.35,0.25,0.2,0.2,0.01325,True,1,1,55,True,0.107347,0.262936,0.080816,0.246312,0.214834,0.06675,0.020003,0.001002,test_stress_rain
INJ_0431,test,fl_tampa,"Tampa, FL",2025-01-13 05:00:00,2025-01-13 20:00:00,70421,5,11,16,sigmoidal,0.99,Band_A_Low (Stress Test),255.9,fission_reactor_fukushima,0.4,0.3,0.0,0.3,0.01197,False,0,0,58,True,0.059585,0.361042,0.133348,0.343407,0.064245,0.035329,0.002045,0.001,test_stress_strictly_dry
INJ_0432,test,fl_tampa,"Tampa, FL",2025-05-02 10:00:00,2025-05-04 15:00:00,73042,16,38,54,sigmoidal,0.84,Band_B_Mid,763.5,mixed_fission_activation,0.35,0.25,0.2,0.2,0.01,False,0,0,20,True,0.303307,0.188216,0.045989,0.231856,0.09682,0.119099,0.013657,0.001056,test_standard_strictly_dry
INJ_0433,test,fl_tampa,"Tampa, FL",2025-02-06 08:00:00,2025-02-06 16:00:00,71000,3,6,9,sigmoidal,1.24,Band_A_Low (Stress Test),260.9,fission_pure_i131,0.0,1.0,0.0,0.0,0.01278,False,0,0,60,True,0.244784,0.603434,0.060664,0.060919,0.013059,0.009071,0.007196,0.000873,test_stress_strictly_dry
INJ_0434,test,fl_tampa,"Tampa, FL",2025-01-08 17:00:00,2025-01-10 19:00:00,70313,15,36,51,sigmoidal,1.78,Band_B_Mid,853.2,mixed_fission_activation,0.35,0.25,0.2,0.2,0.01279,False,0,0,264,True,0.146957,0.22184,0.118322,0.337081,0.059731,0.104532,0.010371,0.001166,test_standard_strictly_dry
INJ_0435,test,fl_tampa,"Tampa, FL",2023-08-11 03:00:00,2023-08-12 15:00:00,57915,11,26,37,exponential,1.51,Band_B_Mid,1040.1,activation_orphan_co60,0.0,0.0,1.0,0.0,0.01452,False,0,0,12,True,0.075834,0.410653,0.131515,0.108751,0.029505,0.210511,0.032156,0.001075,test_standard_strictly_dry
INJ_0436,test,fl_tampa,"Tampa, FL",2023-01-19 05:00:00,2023-01-19 14:00:00,53021,3,7,10,sigmoidal,1.08,Band_A_Low (Stress Test),347.7,mixed_fission_activation,0.35,0.25,0.2,0.2,0.01,False,0,0,59,True,0.207575,0.253656,0.028958,0.293983,0.134563,0.068337,0.011872,0.001057,test_stress_strictly_dry
INJ_0437,test,fl_tampa,"Tampa, FL",2023-04-04 13:00:00,2023-04-06 14:00:00,54829,15,35,50,sigmoidal,0.96,Band_B_Mid,1107.7,fission_pure_cs137,1.0,0.0,0.0,0.0,0.01181,False,0,0,25,True,0.297216,0.165554,0.087472,0.407511,0.020534,0.014942,0.005481,0.00129,test_standard_strictly_dry
INJ_0438,test,fl_tampa,"Tampa, FL",2025-05-10 00:00:00,2025-05-10 12:00:00,73224,4,9,13,exponential,0.94,Band_A_Low (Stress Test),463.7,fission_pure_i131,0.0,1.0,0.0,0.0,0.01157,False,0,0,80,True,0.276846,0.580792,0.064355,0.054788,0.011053,0.00701,0.003921,0.001235,test_stress_strictly_dry
INJ_0439,test,fl_tampa,"Tampa, FL",2024-03-01 01:00:00,2024-03-02 15:00:00,62785,11,28,39,sigmoidal,1.37,Band_B_Mid,947.6,fission_pure_i131,0.0,1.0,0.0,0.0,0.01099,False,0,0,7,True,0.305956,0.439519,0.091539,0.112687,0.026739,0.014414,0.007972,0.001174,test_standard_strictly_dry
INJ_0440,test,fl_tampa,"Tampa, FL",2023-11-28 11:00:00,2023-12-01 13:00:00,60539,22,53,75,sigmoidal,1.44,Band_B_Mid,711.6,fission_pure_cs137,1.0,0.0,0.0,0.0,0.0127,False,0,0,183,True,0.31867,0.165933,0.100784,0.385077,0.016731,0.00557,0.006276,0.000959,test_standard_strictly_dry
INJ_0441,test,fl_tampa,"Tampa, FL",2023-03-31 03:00:00,2023-03-31 17:00:00,54723,5,10,15,sigmoidal,1.39,Band_A_Low (Stress Test),568.3,activation_orphan_co60,0.0,0.0,1.0,0.0,0.01,False,0,0,60,True,0.365597,0.076211,0.059011,0.143496,0.078603,0.243998,0.032115,0.000968,test_stress_strictly_dry
INJ_0442,test,fl_tampa,"Tampa, FL",2024-12-04 01:00:00,2024-12-05 16:00:00,69457,12,28,40,sigmoidal,1.37,Band_B_Mid,1188.7,fission_pure_i131,0.0,1.0,0.0,0.0,0.01321,False,0,0,225,True,0.394172,0.478474,0.036189,0.070942,0.010173,0.006464,0.002604,0.000982,test_standard_strictly_dry
INJ_0443,test,fl_tampa,"Tampa, FL",2023-09-15 09:00:00,2023-09-15 16:00:00,58761,3,5,8,sigmoidal,0.7,Band_A_Low (Stress Test),555.5,fission_reactor_fukushima,0.4,0.3,0.0,0.3,0.01073,False,0,0,43,True,0.152846,0.421686,0.032338,0.306963,0.05252,0.030081,0.002748,0.000818,test_stress_strictly_dry
INJ_0444,test,fl_tampa,"Tampa, FL",2025-03-12 05:00:00,2025-03-12 16:00:00,71813,4,8,12,exponential,1.36,Band_A_Low (Stress Test),471.9,mixed_fission_activation,0.35,0.25,0.2,0.2,0.01141,False,0,0,84,True,0.02129,0.228775,0.157066,0.263201,0.204438,0.110919,0.013281,0.001031,test_stress_strictly_dry
INJ_0445,test,fl_tampa,"Tampa, FL",2023-01-28 21:00:00,2023-01-30 15:00:00,53253,12,31,43,sigmoidal,0.96,Band_B_Mid,750.7,fission_reactor_fukushima,0.4,0.3,0.0,0.3,0.01285,False,0,0,223,True,0.167475,0.352889,0.027979,0.34037,0.05178,0.0504,0.008149,0.000957,test_standard_strictly_dry
INJ_0446,test,fl_tampa,"Tampa, FL",2023-09-09 22:00:00,2023-09-10 16:00:00,58630,6,13,19,sigmoidal,1.08,Band_A_Low (Stress Test),495.3,activation_orphan_co60,0.0,0.0,1.0,0.0,0.01561,False,0,0,78,True,0.112509,0.103423,0.240016,0.069826,0.042784,0.407015,0.023175,0.001252,test_stress_strictly_dry
INJ_0447,test,fl_tampa,"Tampa, FL",2023-07-26 03:00:00,2023-07-26 14:00:00,57531,4,8,12,sigmoidal,1.34,Band_A_Low (Stress Test),294.7,fission_pure_cs137,1.0,0.0,0.0,0.0,0.01045,False,0,0,156,True,0.197173,0.124184,0.031863,0.61499,0.012897,0.009238,0.008691,0.000964,test_stress_strictly_dry
INJ_0448,test,fl_tampa,"Tampa, FL",2024-09-07 04:00:00,2024-09-08 17:00:00,67348,11,27,38,sigmoidal,1.71,Band_B_Mid,1134.1,activation_orphan_co60,0.0,0.0,1.0,0.0,0.01032,False,0,0,972,True,0.388319,0.072905,0.081991,0.094967,0.029453,0.301274,0.030042,0.00105,test_standard_strictly_dry
INJ_0449,test,fl_tampa,"Tampa, FL",2025-04-15 22:00:00,2025-04-18 15:00:00,72646,19,47,66,sigmoidal,1.54,Band_B_Mid,950.3,fission_reactor_fukushima,0.4,0.3,0.0,0.3,0.01073,False,0,0,54,True,0.182797,0.325222,0.051878,0.294715,0.098186,0.042577,0.00356,0.001065,test_standard_strictly_dry
INJ_0450,test,fl_tampa,"Tampa, FL",2023-05-22 00:00:00,2023-05-22 09:00:00,55968,3,7,10,sigmoidal,0.82,Band_A_Low (Stress Test),252.6,fission_pure_cs137,1.0,0.0,0.0,0.0,0.01028,False,0,0,154,True,0.203632,0.068619,0.271387,0.430268,0.015487,0.005187,0.004525,0.000895,test_stress_strictly_dry
